"Marsji Language — Canonical Lexical Lock",,,
"Version: 1.0",,,
"Locked: 16 May 2026 — 20:26 UTC",,,
"Total Entries: 1,087,070",,,
"Author: Gino Rouzee",,,
,,,
"ID","EN",,"MJ"
"1073084","x",,"asa"
"1073085","xaban",,"ikumosa"
"1073086","xack",,"ikassi"
"1073087","xacml",,"wonav"
"1073088","xacuti",,"wunaa"
"1073089","xacutti",,"okuwoin"
"1073090","xadouwes",,"wiribiat"
"1073091","xaenorphica",,"ekazequtot"
"1073092","xagsun",,"wikoat"
"1073093","xaidulla",,"womobeen"
"1073094","xait",,"wama"
"1073095","xakas",,"ukimiro"
"1073096","xalam",,"wisaz"
"1073097","xalapa",,"ekemoto"
"1073098","xalda",,"ikisani"
"1073099","xaliproden",,"wusihue"
"1073100","xalloc",,"ikitito"
"1073101","xaloiv",,"ikipana"
"1073102","xalostocite",,"weseqijua"
"1073103","xalostockite",,"wasaqojiun"
"1073104","xalostockites",,"wasaqojiu"
"1073105","xalwo",,"wusof"
"1073106","xamar",,"watoc"
"1073107","xamarin",,"ekomuia"
"1073108","xamarins",,"ekomusat"
"1073109","xamdam",,"wotou"
"1073110","xamiga",,"ukanoti"
"1073111","xamination",,"wetapao"
"1073112","xamine",,"watue"
"1073113","xamined",,"ikunoana"
"1073114","xamines",,"watupin"
"1073115","xamining",,"ikunosa"
"1073116","xamir",,"wutic"
"1073117","xaml",,"wotu"
"1073118","xamoterol",,"watawien"
"1073119","xampp",,"akefeu"
"1073120","xamtanga",,"okiqufo"
"1073121","xamtol",,"okiqina"
"1073122","xanaces",,"wivasi"
"1073123","xanadu",,"ekimao"
"1073124","xanadus",,"ekimeen"
"1073125","xanambre",,"wovuzoa"
"1073126","xanatos",,"ukemuoe"
"1073127","xanax",,"akomuno"
"1073128","xanaxed",,"wavokat"
"1073129","xanaxes",,"ukemiot"
"1073130","xanbie",,"ekinoti"
"1073131","xanchromatic",,"ikareqahon"
"1073132","xand",,"ekisra"
"1073133","xanda",,"okusuna"
"1073134","xandemic",,"ikasupat"
"1073135","xander",,"wovoe"
"1073136","xanderista",,"ekisoqun"
"1073137","xandra",,"wuvuot"
"1073138","xandria",,"wuvucen"
"1073139","xang",,"wuve"
"1073140","xanith",,"wivoun"
"1073141","xank",,"wovi"
"1073142","xanned",,"wuviot"
"1073143","xanny",,"ekizete"
"1073144","xanol",,"okupuu"
"1073145","xanomeline",,"wovozaat"
"1073146","xanorphica",,"okupajan"
"1073147","xanoxic",,"ekipaona"
"1073148","xanrey",,"ikajeta"
"1073149","xansi",,"wivor"
"1073150","xanten",,"wuvua"
"1073151","xanth",,"wivin"
"1073152","xantha",,"wuvuo"
"1073153","xanthaemia",,"wovonean"
"1073154","xanthaline",,"wuvuniu"
"1073155","xantham",,"wovono"
"1073156","xanthamic",,"wovonei"
"1073157","xanthamid",,"akoqiro"
"1073158","xanthamide",,"ukeqorat"
"1073159","xanthams",,"wovoneet"
"1073160","xanthan",,"akoqiu"
"1073161","xanthane",,"ukeqoret"
"1073162","xanthanol",,"wovoneana"
"1073163","xanthanolide",,"ukeqoracot"
"1073164","xanthans",,"akoqirot"
"1073165","xanthareel",,"wevenau"
"1073166","xanthate",,"ekiquri"
"1073167","xanthates",,"ekiqurat"
"1073168","xanthatin",,"wevenain"
"1073169","xanthation",,"wivinoet"
"1073170","xanthations",,"wivinodei"
"1073171","xanthaurine",,"wavanugoan"
"1073172","xanthd",,"ekiqenu"
"1073173","xanthe",,"wovoin"
"1073174","xanthein",,"ikaqezua"
"1073175","xantheine",,"okuqazet"
"1073176","xantheins",,"ikaqezot"
"1073177","xanthelasma",,"ukeqozite"
"1073178","xanthelasmic",,"ikaqezoton"
"1073179","xanthelasmoidea",,"wevenupoat"
"1073180","xanthematin",,"wivinefuon"
"1073181","xanthemia",,"wevenuu"
"1073182","xanthemiae",,"wavaniet"
"1073183","xanthemias",,"wevenuot"
"1073184","xanthene",,"okuqaza"
"1073185","xanthenes",,"okuqazen"
"1073186","xanthenic",,"ikaqezina"
"1073187","xanthenone",,"wivineo"
"1073188","xanthenyl",,"wavanien"
"1073189","xanthi",,"wiviun"
"1073190","xanthia",,"wuvunon"
"1073191","xanthian",,"akoqisa"
"1073192","xanthians",,"akoqisen"
"1073193","xanthic",,"wivine"
"1073194","xanthid",,"ekiquia"
"1073195","xanthide",,"akoqisin"
"1073196","xanthidium",,"ikaqesen"
"1073197","xanthidiums",,"ikaqesavon"
"1073198","xanthidylic",,"wivinuzoon"
"1073199","xanthifolia",,"wevenonai"
"1073200","xanthin",,"ukeqoon"
"1073201","xanthindaba",,"ekiqusopin"
"1073202","xanthine",,"ikaqesu"
"1073203","xanthines",,"ikaqesot"
"1073204","xanthinic",,"ukeqosun"
"1073205","xanthinin",,"wivinuet"
"1073206","xanthinine",,"wovonie"
"1073207","xanthinol",,"wevenoa"
"1073208","xanthinosin",,"wavanehuu"
"1073209","xanthinoxidase",,"ikaqesucun"
"1073210","xanthins",,"ukeqosan"
"1073211","xanthinthique",,"ikaqesuge"
"1073212","xanthinthiques",,"ikaqesugin"
"1073213","xanthinuria",,"wevenoheet"
"1073214","xanthinuric",,"wavanehaun"
"1073215","xanthiol",,"okuqasona"
"1073216","xanthione",,"akoqisena"
"1073217","xanthiosite",,"okuqasude"
"1073218","xanthipp",,"wevenou"
"1073219","xanthippe",,"wavaneet"
"1073220","xanthippes",,"wavanei"
"1073221","xanthippic",,"wevenoo"
"1073222","xanthism",,"wevenoua"
"1073223","xanthisma",,"wovonian"
"1073224","xanthismas",,"wovoniun"
"1073225","xanthisms",,"wevenoot"
"1073226","xanthitane",,"wavaneon"
"1073227","xanthite",,"akoqisot"
"1073228","xanthium",,"wavaneen"
"1073229","xanthiums",,"wavaneona"
"1073230","xanthiuria",,"okuqasata"
"1073231","xanthization",,"ikaqesetan"
"1073232","xantho",,"wavau"
"1073233","xanthoangelol",,"ekiquhajan"
"1073234","xanthoastrocytoma",,"ukeqohidun"
"1073235","xanthobaccin",,"wuvunetaot"
"1073236","xanthobacter",,"ukeqohute"
"1073237","xanthoblast",,"ikaqehifen"
"1073238","xanthocarpous",,"wuvunevaen"
"1073239","xanthocarpus",,"wovonuviu"
"1073240","xanthocephalus",,"ikaqehufun"
"1073241","xanthocephaluss",,"ikaqehufu"
"1073242","xanthoceras",,"ukeqohafun"
"1073243","xanthocerass",,"ukeqohafu"
"1073244","xanthochroi",,"wivinavaan"
"1073245","xanthochroia",,"wuvuneveen"
"1073246","xanthochroias",,"wuvuneveon"
"1073247","xanthochroic",,"wivinavaat"
"1073248","xanthochroics",,"wivinavae"
"1073249","xanthochroid",,"ekiquhotet"
"1073250","xanthochroids",,"ekiquhoti"
"1073251","xanthochrois",,"wivinavaun"
"1073252","xanthochroism",,"weveniviun"
"1073253","xanthochroisms",,"weveniviu"
"1073254","xanthochromatic",,"akoqiheto"
"1073255","xanthochrome",,"wavanovoe"
"1073256","xanthochromia",,"wovonuvuen"
"1073257","xanthochromias",,"wovonuvuon"
"1073258","xanthochromic",,"weveniviat"
"1073259","xanthochromism",,"wuvuneveun"
"1073260","xanthochromistic",,"ukeqohatu"
"1073261","xanthochroous",,"wuvuneveona"
"1073262","xanthochymol",,"wevenivii"
"1073263","xanthocillin",,"ikaqehuvun"
"1073264","xanthocobalt",,"akoqihecan"
"1073265","xanthocobaltic",,"akoqihecu"
"1073266","xanthocomic",,"wavanovuat"
"1073267","xanthocone",,"okuqahi"
"1073268","xanthoconite",,"wivinavoan"
"1073269","xanthocreatinin",,"wavanovoen"
"1073270","xanthocreatinine",,"wuvuneveuna"
"1073271","xanthocyanopia",,"wavanovuot"
"1073272","xanthocyanopsia",,"wavanovuo"
"1073273","xanthocyanopsy",,"wevenivaan"
"1073274","xanthocyanopy",,"wevenivaon"
"1073275","xanthoderm",,"wovonuan"
"1073276","xanthoderma",,"wivinazien"
"1073277","xanthodermatous",,"okuqahufo"
"1073278","xanthodermic",,"wovonuzou"
"1073279","xanthodont",,"okuqahan"
"1073280","xanthodontous",,"ikaqehacat"
"1073281","xanthoepocin",,"wavanopae"
"1073282","xanthofibroma",,"okuqahavo"
"1073283","xanthofulvin",,"wavanonaot"
"1073284","xanthogalenol",,"ekiquhatan"
"1073285","xanthogen",,"ekiquhu"
"1073286","xanthogenamic",,"akoqihufu"
"1073287","xanthogenamide",,"wavanoraot"
"1073288","xanthogenate",,"wovonurou"
"1073289","xanthogenic",,"ekiquhafo"
"1073290","xanthogranuloma",,"okuqahebi"
"1073291","xanthogranulomatous",,"wuvunereon"
"1073292","xanthohumol",,"wivinasiat"
"1073293","xanthokreatinin",,"wuvunezee"
"1073294","xanthokyanopy",,"wavanozuin"
"1073295","xantholeucoblast",,"wivinapiot"
"1073296","xantholeucophore",,"wovonupoan"
"1073297","xantholiniform",,"wivinapeet"
"1073298","xantholinus",,"wavanopie"
"1073299","xantholysin",,"wivinapoan"
"1073300","xanthoma",,"wuvunean"
"1073301","xanthomas",,"wuvuneun"
"1073302","xanthomata",,"ikaqehaa"
"1073303","xanthomatoses",,"ikaqehitan"
"1073304","xanthomatosis",,"ukeqohutet"
"1073305","xanthomatotic",,"wavanofein"
"1073306","xanthomatous",,"ikaqehiti"
"1073307","xanthomegnin",,"wivinafie"
"1073308","xanthomelanoi",,"wevenifeat"
"1073309","xanthomelanois",,"wevenifee"
"1073310","xanthomelanous",,"wavanofaa"
"1073311","xanthometer",,"wevenifea"
"1073312","xanthommatin",,"wuvunefeet"
"1073313","xanthommatine",,"wivinafae"
"1073314","xanthomonad",,"wivinafoon"
"1073315","xanthomonades",,"wovonufeot"
"1073316","xanthomonadin",,"ukeqohucet"
"1073317","xanthomonads",,"wivinafoan"
"1073318","xanthomonas",,"okuqahoce"
"1073319","xanthomonases",,"ekiquhecon"
"1073320","xanthomonass",,"okuqahocin"
"1073321","xanthomonasses",,"ekiquhecan"
"1073322","xanthomous",,"wuvunein"
"1073323","xanthomyeloma",,"okuqahorot"
"1073324","xanthone",,"akoqihot"
"1073325","xanthones",,"akoqiho"
"1073326","xanthonoid",,"wuvuneina"
"1073327","xanthonoxypropanolamine",,"wuvunehiot"
"1073328","xanthonychid",,"ikaqehuri"
"1073329","xanthopathy",,"ikaqehetet"
"1073330","xanthophane",,"ikaqeheteta"
"1073331","xanthophile",,"ikaqeheti"
"1073332","xanthophloea",,"ekiquhutet"
"1073333","xanthophobia",,"ukeqohoto"
"1073334","xanthophore",,"okuqahate"
"1073335","xanthophose",,"wivinacai"
"1073336","xanthophyceae",,"wivinacaia"
"1073337","xanthophyceaes",,"wivinacaat"
"1073338","xanthophycean",,"akoqihitun"
"1073339","xanthophyl",,"ekiquha"
"1073340","xanthophyles",,"akoqihituna"
"1073341","xanthophyll",,"wevenicion"
"1073342","xanthophyllic",,"weveniciun"
"1073343","xanthophyllite",,"ikaqehetin"
"1073344","xanthophyllous",,"wovonucui"
"1073345","xanthophylls",,"wevenician"
"1073346","xanthophyllum",,"wivinacain"
"1073347","xanthophyls",,"ekiquhuten"
"1073348","xanthophyte",,"ekiquhuta"
"1073349","xanthopia",,"ekiquhua"
"1073350","xanthopias",,"ekiquhot"
"1073351","xanthopicrin",,"ikaqehevat"
"1073352","xanthopicrine",,"okuqahava"
"1073353","xanthopicrite",,"ukeqohoven"
"1073354","xanthoplanine",,"wavanoceot"
"1073355","xanthopous",,"ekiquhota"
"1073356","xanthoproteate",,"wovonucua"
"1073357","xanthoproteic",,"ekiquhubon"
"1073358","xanthoprotein",,"wavanocoot"
"1073359","xanthoproteinic",,"wavanocoet"
"1073360","xanthopsia",,"ekiquhote"
"1073361","xanthopsias",,"ekiquhudo"
"1073362","xanthopsin",,"wuvuneot"
"1073363","xanthopsy",,"okuqahon"
"1073364","xanthopsydracia",,"ukeqohodet"
"1073365","xanthopterin",,"wivinacoat"
"1073366","xanthopterine",,"wovonucea"
"1073367","xanthopterines",,"wovonuceen"
"1073368","xanthopterins",,"wivinacoe"
"1073369","xanthopuccin",,"wivinacian"
"1073370","xanthopuccine",,"wovonucoot"
"1073371","xanthopurpurin",,"ikaqehekin"
"1073372","xanthorhamnin",,"wavanowoo"
"1073373","xanthorhamnine",,"wuvuneweat"
"1073374","xanthorhodopsin",,"okuqahotan"
"1073375","xanthorin",,"wivinaen"
"1073376","xanthorism",,"okuqahun"
"1073377","xanthorrhiza",,"wuvuneween"
"1073378","xanthorrhizas",,"wuvuneweon"
"1073379","xanthorrhizol",,"okuqahoben"
"1073380","xanthorrhoea",,"okuqahobu"
"1073381","xanthorrhoeaceae",,"ekiquheban"
"1073382","xanthorrhoeaceaes",,"ekiquhebun"
"1073383","xanthorrhoeas",,"okuqahobot"
"1073384","xanthorroea",,"wivinawaet"
"1073385","xanthorroeae",,"wovonuwue"
"1073386","xanthorroeas",,"wivinawai"
"1073387","xanthos",,"wavanot"
"1073388","xanthose",,"wuvunei"
"1073389","xanthoses",,"wuvuneat"
"1073390","xanthosiderite",,"ekiquhovi"
"1073391","xanthosiderites",,"ekiquhovat"
"1073392","xanthosine",,"akoqihon"
"1073393","xanthosinyl",,"wivinabean"
"1073394","xanthosis",,"wavanoon"
"1073395","xanthosises",,"wuvuneboot"
"1073396","xanthosisses",,"wuvuneboo"
"1073397","xanthosoma",,"wevenia"
"1073398","xanthosomae",,"wavanobuan"
"1073399","xanthosomas",,"wevenibaen"
"1073400","xanthosomata",,"akoqihecat"
"1073401","xanthosome",,"wuvuneu"
"1073402","xanthospermous",,"wavanobaa"
"1073403","xanthotic",,"ikaqehot"
"1073404","xanthotoxin",,"akoqihocat"
"1073405","xanthotoxol",,"ikaqehacon"
"1073406","xanthoura",,"ukeqohan"
"1073407","xanthouras",,"ukeqohun"
"1073408","xanthous",,"wuvuneana"
"1073409","xanthoxalis",,"wovonumiu"
"1073410","xanthoxaliss",,"wovonumiot"
"1073411","xanthoxenite",,"ekiquhofo"
"1073412","xanthoxin",,"wavanoona"
"1073413","xanthoxyl",,"wivinaa"
"1073414","xanthoxylene",,"okuqahirun"
"1073415","xanthoxyletin",,"wuvunemiet"
"1073416","xanthoxylin",,"ukeqoharot"
"1073417","xanthoxyline",,"ikaqehuria"
"1073418","xanthoxylon",,"ekiquhoro"
"1073419","xanthoxyls",,"wivinaena"
"1073420","xanthoxylum",,"wavanomuat"
"1073421","xanthoxylums",,"wavanomue"
"1073422","xanthrochroid",,"wivinijee"
"1073423","xanthurenate",,"okuqadofat"
"1073424","xanthurenic",,"wuvunowuin"
"1073425","xanthuria",,"okuqadon"
"1073426","xanthus",,"wovonoa"
"1073427","xanthydrol",,"ukeqomun"
"1073428","xanthyl",,"okuqaaa"
"1073429","xanthyletin",,"ikaqemofet"
"1073430","xanthylic",,"okuqamon"
"1073431","xanthylium",,"ukeqomu"
"1073432","xantifibrate",,"ikaqomuvon"
"1073433","xantinol",,"ukeqifan"
"1073434","xantippe",,"ikaqoje"
"1073435","xantippes",,"ikaqojin"
"1073436","xantocillin",,"wuvufatao"
"1073437","xantopurpurin",,"wuvufogeon"
"1073438","xantung",,"wavabot"
"1073439","xantusid",,"weveboat"
"1073440","xantusiid",,"wevebou"
"1073441","xantusiidae",,"wevebotuot"
"1073442","xantusiidaes",,"wevebotuo"
"1073443","xantuss",,"akoqeee"
"1073444","xany",,"wava"
"1073445","xapuri",,"akuwuna"
"1073446","xaque",,"ikiwui"
"1073447","xara",,"wohu"
"1073448","xarifiid",,"wohelii"
"1073449","xarque",,"wahoat"
"1073450","xarun",,"ekowana"
"1073451","xaser",,"wajec"
"1073452","xasonga",,"wojopo"
"1073453","xasonke",,"wijipun"
"1073454","xassonke",,"wijofuu"
"1073455","xats",,"wacu"
"1073456","xauen",,"weqop"
"1073457","xavante",,"wewipet"
"1073458","xavcedu",,"akarei"
"1073459","xaverian",,"wowicio"
"1073460","xaverians",,"wowiciet"
"1073461","xavi",,"wuwi"
"1073462","xavier",,"okonese"
"1073463","xaviera",,"ikinuia"
"1073464","xavieresque",,"akaneqido"
"1073465","xavierian",,"wowevoon"
"1073466","xavierism",,"akaneqo"
"1073467","xavierite",,"wowevoet"
"1073468","xaviers",,"okoniin"
"1073469","xavler",,"wowuu"
"1073470","xayar",,"wugec"
"1073471","xayavong",,"ekumihan"
"1073472","xazar",,"okemara"
"1073473","xbar",,"alajn"
"1073474","xbase",,"weluv"
"1073475","xbead",,"ilomini"
"1073476","xbla",,"ilimt"
"1073477","xblig",,"ilinau"
"1073478","xblocks",,"ilipoat"
"1073479","xbmc",,"wuto"
"1073480","xbodyrow",,"wazuluet"
"1073481","xbone",,"olazin"
"1073482","xbong",,"ulozeo"
"1073483","xbot",,"aliqi"
"1073484","xbow",,"wezi"
"1073485","xbox",,"ilege"
"1073486","xboxed",,"wuzoet"
"1073487","xboxer",,"waziot"
"1073488","xboxing",,"wuzoru"
"1073489","xbred",,"wahat"
"1073490","xbreed",,"wuhuen"
"1073491","xbreeding",,"aletevot"
"1073492","xbreeds",,"wuhuvon"
"1073493","xbrick",,"ilunie"
"1073494","xcabacab",,"omonutun"
"1073495","xcalak",,"welea"
"1073496","xcaret",,"imijen"
"1073497","xcatik",,"weluo"
"1073498","xccdec",,"wanio"
"1073499","xcer",,"weso"
"1073500","xcest",,"wasow"
"1073501","xcii",,"imans"
"1073502","xcin",,"wume"
"1073503","xciv",,"wamaa"
"1073504","xcix",,"wumea"
"1073505","xcixth",,"wumeot"
"1073506","xcls",,"waso"
"1073507","xcode",,"wozav"
"1073508","xcol",,"wozo"
"1073509","xcon",,"wezia"
"1073510","xcopy",,"wozel"
"1073511","xcountry",,"wozepoot"
"1073512","xctl",,"emutna"
"1073513","xcvi",,"wawo"
"1073514","xcvii",,"wawor"
"1073515","xcviiith",,"waworua"
"1073516","xdcc",,"woni"
"1073517","xdead",,"onemoe"
"1073518","xdiv",,"enib"
"1073519","xdmcp",,"oniri"
"1073520","xdna",,"enims"
"1073521","xdon",,"onazn"
"1073522","xdragoon",,"wehamain"
"1073523","xdress",,"onitun"
"1073524","xdressed",,"wahiqiin"
"1073525","xdresser",,"wehuquat"
"1073526","xdresses",,"enotawet"
"1073527","xdressing",,"wahiqii"
"1073528","xdrsnzg",,"inucoata"
"1073529","xdrszgnv",,"wehomou"
"1073530","xdsgn",,"enilaa"
"1073531","xdsgnv",,"wujion"
"1073532","xdsl",,"enitta"
"1073533","xdsmgn",,"unevo"
"1073534","xdsng",,"enizie"
"1073535","xdynamics",,"enuzipat"
"1073536","xebec",,"womus"
"1073537","xebeck",,"wemiun"
"1073538","xebecque",,"wemiseu"
"1073539","xebecs",,"womuen"
"1073540","xebeque",,"wemije"
"1073541","xebra",,"urajeno"
"1073542","xeeb",,"wose"
"1073543","xeer",,"wosea"
"1073544","xeet",,"wesoa"
"1073545","xeeted",,"uriquna"
"1073546","xeeting",,"uriqien"
"1073547","xeets",,"wesoq"
"1073548","xeir",,"wimo"
"1073549","xela",,"wosa"
"1073550","xelepop",,"wasohi"
"1073551","xeloda",,"iripet"
"1073552","xema",,"eromri"
"1073553","xemacs",,"eromatu"
"1073554","xemacss",,"eromaen"
"1073555","xemas",,"eromara"
"1073556","xemb",,"weta"
"1073557","xember",,"arenini"
"1073558","xeme",,"uratte"
"1073559","xemilofiban",,"eronihuven"
"1073560","xemself",,"uracaena"
"1073561","xemu",,"urawte"
"1073562","xena",,"wevu"
"1073563","xenacanth",,"uremiron"
"1073564","xenacanthid",,"wuvosuhuon"
"1073565","xenacanthiform",,"erimarogat"
"1073566","xenacanthimorph",,"wovasohoa"
"1073567","xenacanthine",,"wevusehee"
"1073568","xenacanthini",,"wovasohoan"
"1073569","xenacanthinis",,"wovasohoun"
"1073570","xenacanthus",,"iramoruga"
"1073571","xenacoelomorph",,"wavisipoat"
"1073572","xenagogue",,"wivemeat"
"1073573","xenagogy",,"wovamain"
"1073574","xenakis",,"wavitan"
"1073575","xenakiss",,"wavitoun"
"1073576","xenalipin",,"iramasa"
"1073577","xenaphile",,"aromeroa"
"1073578","xenarchi",,"wovacuu"
"1073579","xenarchis",,"wovacuot"
"1073580","xenarthra",,"wivecean"
"1073581","xenarthrae",,"wovacaot"
"1073582","xenarthral",,"erimubu"
"1073583","xenarthran",,"aromiben"
"1073584","xenarthras",,"wiveceun"
"1073585","xenarthrous",,"wivecesein"
"1073586","xenate",,"uremua"
"1073587","xenaverse",,"wivedoet"
"1073588","xenavidin",,"erimisuna"
"1073589","xenazoic",,"uremahena"
"1073590","xenbucin",,"wovebue"
"1073591","xenelasia",,"ureterone"
"1073592","xenelasy",,"arotoree"
"1073593","xenematide",,"wevizeet"
"1073594","xenharmonic",,"uremequcin"
"1073595","xenharmonics",,"uremequca"
"1073596","xenharmony",,"erimiqin"
"1073597","xenia",,"weven"
"1073598","xenial",,"urenale"
"1073599","xenian",,"iranite"
"1073600","xeniaphobia",,"erinijeca"
"1073601","xenias",,"wevein"
"1073602","xeniatrophobia",,"iranabice"
"1073603","xenic",,"wavas"
"1073604","xenica",,"weveu"
"1073605","xenical",,"urenioa"
"1073606","xenically",,"wavasae"
"1073607","xenici",,"wavaon"
"1073608","xenicid",,"urenioe"
"1073609","xenicidae",,"ureniseta"
"1073610","xenicidaes",,"urenisi"
"1073611","xenicity",,"erinasan"
"1073612","xenicus",,"wuvusu"
"1073613","xenicuses",,"wivisoi"
"1073614","xenicuss",,"wuvusiot"
"1073615","xenicusses",,"wivisoat"
"1073616","xenid",,"urenute"
"1073617","xenide",,"iranetn"
"1073618","xenides",,"iraniia"
"1073619","xeniid",,"urenali"
"1073620","xeniobiosis",,"urenusacot"
"1073621","xenipentone",,"wevehaheun"
"1073622","xenism",,"wivien"
"1073623","xenismos",,"wavaqee"
"1073624","xenisthmid",,"orunebat"
"1073625","xenite",,"iranonn"
"1073626","xenium",,"wovoat"
"1073627","xenix",,"oruneno"
"1073628","xenization",,"erinorin"
"1073629","xenna",,"irazane"
"1073630","xennial",,"wovore"
"1073631","xenno",,"urezui"
"1073632","xeno",,"wovia"
"1073633","xenoamicin",,"irapapo"
"1073634","xenoandrogen",,"wavenozien"
"1073635","xenoandrogenic",,"wavenozian"
"1073636","xenoandrogenicity",,"eripifibin"
"1073637","xenoanthropologist",,"orupufuta"
"1073638","xenoanthropology",,"wavenodio"
"1073639","xenoantibody",,"wuvanedian"
"1073640","xenoantigen",,"orupufuvun"
"1073641","xenoantigenic",,"orupufuvot"
"1073642","xenoantigenicity",,"wuvanedion"
"1073643","xenoarchaeological",,"wovinivaon"
"1073644","xenoarchaeology",,"urepeqaton"
"1073645","xenoarcheological",,"wevonovuun"
"1073646","xenoarcheology",,"irapaqutun"
"1073647","xenoarchitecture",,"aropoqetin"
"1073648","xenobacteriology",,"wivuriviat"
"1073649","xenobiochemistry",,"wuvarejiet"
"1073650","xenobiological",,"aropisofa"
"1073651","xenobiologies",,"waverojoat"
"1073652","xenobiologist",,"aropisofot"
"1073653","xenobiology",,"wivurajaa"
"1073654","xenobiont",,"eripuse"
"1073655","xenobiosis",,"urepose"
"1073656","xenobiotic",,"wuvareon"
"1073657","xenobiotically",,"wuvarejuot"
"1073658","xenobiotics",,"wuvarejuan"
"1073659","xenoblast",,"eripuzat"
"1073660","xenoblastic",,"eripuzadin"
"1073661","xenoblasts",,"eripuze"
"1073662","xenobot",,"wuvaru"
"1073663","xenobotanist",,"woviradui"
"1073664","xenobotany",,"urepohan"
"1073665","xenocarpy",,"wovisou"
"1073666","xenoceltitid",,"wivusopiot"
"1073667","xenocentric",,"irapozuga"
"1073668","xenocentricism",,"eripazogi"
"1073669","xenocentrism",,"eripazogo"
"1073670","xenoceratops",,"aropuzaton"
"1073671","xenochemical",,"wuvasapoat"
"1073672","xenochemistry",,"eriparuhet"
"1073673","xenochia",,"irapore"
"1073674","xenochimaeric",,"wevosotuot"
"1073675","xenochimera",,"wevosotuun"
"1073676","xenochimeric",,"wavesetiet"
"1073677","xenochronous",,"iraporici"
"1073678","xenochrony",,"urepirun"
"1073679","xenocidal",,"wevosiet"
"1073680","xenocide",,"aropuse"
"1073681","xenoclast",,"wevoseet"
"1073682","xenoclea",,"aropuze"
"1073683","xenocleas",,"aropuzin"
"1073684","xenoclitic",,"wavesaot"
"1073685","xenocongrid",,"orupehisun"
"1073686","xenocontamination",,"orupehigun"
"1073687","xenocoumacin",,"urepihohin"
"1073688","xenocracy",,"aropuqu"
"1073689","xenocratean",,"aropuqugo"
"1073690","xenocrateans",,"aropuquget"
"1073691","xenocrates",,"wovisiin"
"1073692","xenocratic",,"wivusuat"
"1073693","xenocratics",,"wivususie"
"1073694","xenocryst",,"wuvasaa"
"1073695","xenocrystal",,"irapoqada"
"1073696","xenocrystic",,"wuvasanion"
"1073697","xenocrysts",,"wuvasaen"
"1073698","xenoculture",,"orupedegi"
"1073699","xenocurrency",,"aropudabet"
"1073700","xenocyst",,"irapomat"
"1073701","xenocytology",,"wuvasoduun"
"1073702","xenocytophilic",,"wevosudeet"
"1073703","xenoderm",,"wuvatiin"
"1073704","xenodermatid",,"wuvatiwoi"
"1073705","xenodermid",,"irapizin"
"1073706","xenoderminae",,"eripezehot"
"1073707","xenodiagnoses",,"wovitusuat"
"1073708","xenodiagnosis",,"wivutasaon"
"1073709","xenodiagnosiss",,"wivutasaan"
"1073710","xenodiagnostic",,"oruposeso"
"1073711","xenodiscid",,"wevotii"
"1073712","xenodiversity",,"wevotikoin"
"1073713","xenodocheion",,"orupohite"
"1073714","xenodocheionology",,"wivuteveot"
"1073715","xenodocheions",,"orupohitin"
"1073716","xenodocheum",,"wavetiviot"
"1073717","xenodochia",,"wavetiin"
"1073718","xenodochial",,"irapihuten"
"1073719","xenodochion",,"irapihuteta"
"1073720","xenodochiophobia",,"eripehotin"
"1073721","xenodochium",,"wevotuvue"
"1073722","xenodochiums",,"wevotuvuin"
"1073723","xenodochy",,"wevotuet"
"1073724","xenodollar",,"wovitao"
"1073725","xenodontine",,"wovitahoet"
"1073726","xenoembryo",,"wuvavaen"
"1073727","xenoencyclopedia",,"wovivuvoe"
"1073728","xenoengineering",,"wuvaveriet"
"1073729","xenoengraftment",,"wevoviruon"
"1073730","xenoepist",,"woviveot"
"1073731","xenoestrogen",,"aropewoban"
"1073732","xenoestrogenic",,"aropewobu"
"1073733","xenoestrogenicity",,"wovivudaen"
"1073734","xenoestrogens",,"aropewobun"
"1073735","xenoethics",,"wevovuan"
"1073736","xenofeminism",,"wevolafao"
"1073737","xenofeminist",,"orupizovot"
"1073738","xenofiction",,"orupisigu"
"1073739","xenofobe",,"waveliat"
"1073740","xenofobia",,"wovilaa"
"1073741","xenofree",,"wovilie"
"1073742","xenogamic",,"wovimoa"
"1073743","xenogamies",,"wevomeat"
"1073744","xenogamous",,"wivumiu"
"1073745","xenogamy",,"wuvamua"
"1073746","xenogender",,"irapazin"
"1073747","xenogeneic",,"irapazot"
"1073748","xenogeneically",,"irapazufat"
"1073749","xenogeneous",,"urepezafe"
"1073750","xenogeneses",,"orupuzifi"
"1073751","xenogenesis",,"irapazufen"
"1073752","xenogenetic",,"wivumohuu"
"1073753","xenogenetically",,"wivumohui"
"1073754","xenogenetics",,"wivumohuot"
"1073755","xenogenic",,"urepezan"
"1073756","xenogenicity",,"wevomahain"
"1073757","xenogenies",,"irapaza"
"1073758","xenogenous",,"aropozet"
"1073759","xenogeny",,"eripizan"
"1073760","xenogeography",,"aropozosu"
"1073761","xenogeology",,"orupuzufe"
"1073762","xenoglossia",,"urepezedot"
"1073763","xenoglossias",,"urepezedo"
"1073764","xenoglossic",,"irapazadon"
"1073765","xenoglossically",,"irapazadot"
"1073766","xenoglossies",,"orupuzudin"
"1073767","xenoglossophobia",,"wevomejae"
"1073768","xenoglossy",,"aropozon"
"1073769","xenognosin",,"wavemoen"
"1073770","xenogogic",,"wevomuat"
"1073771","xenografic",,"wevomoun"
"1073772","xenograft",,"aropoqen"
"1073773","xenografted",,"wuvamasai"
"1073774","xenografting",,"wuvamasaot"
"1073775","xenografts",,"aropoqon"
"1073776","xenographic",,"eripiqaqo"
"1073777","xenography",,"irapaqo"
"1073778","xenoheart",,"orupazene"
"1073779","xenohepatocyte",,"wevonaciin"
"1073780","xenohistory",,"eripusogo"
"1073781","xenohormesis",,"wovinawaat"
"1073782","xenohormetic",,"eripuhehen"
"1073783","xenohormonal",,"wovinawaun"
"1073784","xenohormone",,"eripuheho"
"1073785","xenohybrid",,"waveniin"
"1073786","xenohybridization",,"eripumebot"
"1073787","xenoimmune",,"irapopo"
"1073788","xenoimmunization",,"wevorofoe"
"1073789","xenoimmunize",,"waverefeon"
"1073790","xenoimmunized",,"urepipuko"
"1073791","xenoinfection",,"wuvarenaot"
"1073792","xenointoxication",,"irapofaco"
"1073793","xenokidney",,"wuvateet"
"1073794","xenolalia",,"wevovei"
"1073795","xenolect",,"wuvaviin"
"1073796","xenolectal",,"irapazina"
"1073797","xenolectic",,"wuvavien"
"1073798","xenolecticity",,"aropozegat"
"1073799","xenoline",,"wovivuin"
"1073800","xenolinguist",,"orupusisa"
"1073801","xenolinguistic",,"orupusison"
"1073802","xenolinguistics",,"orupusisan"
"1073803","xenolite",,"wuvavea"
"1073804","xenolith",,"aroposo"
"1073805","xenolithic",,"aroposi"
"1073806","xenoliths",,"aroposet"
"1073807","xenoliver",,"irapasine"
"1073808","xenolog",,"irapaei"
"1073809","xenologer",,"wivuveun"
"1073810","xenological",,"wivuveroa"
"1073811","xenologist",,"wivuveot"
"1073812","xenologous",,"urepehu"
"1073813","xenologously",,"wavevirai"
"1073814","xenologue",,"eripihe"
"1073815","xenology",,"aropoha"
"1073816","xenoma",,"wevoin"
"1073817","xenomancy",,"aropirota"
"1073818","xenomania",,"ureporan"
"1073819","xenomaniac",,"ureporati"
"1073820","xenomanias",,"ureporune"
"1073821","xenomedicine",,"wavezuzuo"
"1073822","xenomelia",,"irapezina"
"1073823","xenomenia",,"orupazet"
"1073824","xenomenias",,"orupazi"
"1073825","xenomi",,"wavei"
"1073826","xenomicrobiology",,"irapesuben"
"1073827","xenomicrobiota",,"aropisebin"
"1073828","xenomis",,"wavezat"
"1073829","xenomisia",,"wevozian"
"1073830","xenomitochondrial",,"wevozideu"
"1073831","xenomonitoring",,"wavezihuot"
"1073832","xenomorph",,"urepohun"
"1073833","xenomorpha",,"aropihon"
"1073834","xenomorphas",,"aropihaqan"
"1073835","xenomorphic",,"urepohuqot"
"1073836","xenomorphically",,"urepohuqat"
"1073837","xenomorphism",,"orupahoqa"
"1073838","xenomorphology",,"waveziwein"
"1073839","xenomorphosis",,"eripuheqat"
"1073840","xenomorphous",,"aropihaqe"
"1073841","xenomorphously",,"wevozuwoon"
"1073842","xenomythology",,"orupamuto"
"1073843","xenon",,"urepina"
"1073844","xenonate",,"wuvapuin"
"1073845","xenonatomy",,"wovipoo"
"1073846","xenonide",,"wivupaon"
"1073847","xenonlike",,"wevopean"
"1073848","xenonosocomiophobia",,"wevopubeen"
"1073849","xenons",,"urepare"
"1073850","xenonym",,"urepien"
"1073851","xenonymous",,"aropumet"
"1073852","xenonymy",,"eripaman"
"1073853","xenopaleontology",,"eriporafin"
"1073854","xenoparasite",,"ureparutu"
"1073855","xenoparasitic",,"aroperatun"
"1073856","xenoparasitism",,"irapurite"
"1073857","xenoparity",,"eriporua"
"1073858","xenoparous",,"wevohean"
"1073859","xenopathology",,"wavehadiat"
"1073860","xenopatient",,"wavehadua"
"1073861","xenopeltid",,"wavehuin"
"1073862","xenopeltidae",,"wavehupaa"
"1073863","xenopeltidaes",,"wavehupaen"
"1073864","xenoperfuse",,"orupizoran"
"1073865","xenoperfused",,"wovihewiet"
"1073866","xenoperfuses",,"orupizorun"
"1073867","xenoperfusing",,"wovihewiu"
"1073868","xenoperfusion",,"wivuhowuon"
"1073869","xenopericardium",,"wevohawaen"
"1073870","xenophagic",,"wevohoun"
"1073871","xenophagy",,"wivuhuun"
"1073872","xenophanean",,"wavehesua"
"1073873","xenophaneans",,"wavehesuen"
"1073874","xenophanes",,"eriporue"
"1073875","xenophaness",,"eriporajot"
"1073876","xenophanian",,"wevohosau"
"1073877","xenophanic",,"orupiran"
"1073878","xenophile",,"eriporui"
"1073879","xenophiles",,"eriporota"
"1073880","xenophilia",,"irapuret"
"1073881","xenophilias",,"irapurufi"
"1073882","xenophilic",,"orupirun"
"1073883","xenophilism",,"aroperefe"
"1073884","xenophilous",,"irapurufia"
"1073885","xenophily",,"ureparuna"
"1073886","xenophob",,"eriporati"
"1073887","xenophobe",,"aropera"
"1073888","xenophobes",,"aroperena"
"1073889","xenophobia",,"orupirana"
"1073890","xenophobiac",,"orupiruvat"
"1073891","xenophobian",,"wavehejien"
"1073892","xenophobias",,"orupiruvun"
"1073893","xenophobic",,"eriporin"
"1073894","xenophobically",,"eriporivan"
"1073895","xenophobies",,"aroperovi"
"1073896","xenophobism",,"ureparevot"
"1073897","xenophobist",,"wevohojuu"
"1073898","xenophobous",,"orupiruvuna"
"1073899","xenophoby",,"irapurine"
"1073900","xenophon",,"irapurini"
"1073901","xenophone",,"orupiron"
"1073902","xenophonia",,"ureparu"
"1073903","xenophonian",,"wovihijean"
"1073904","xenophonic",,"irapuren"
"1073905","xenophonics",,"irapurajon"
"1073906","xenophons",,"irapura"
"1073907","xenophontean",,"aroperojat"
"1073908","xenophonteans",,"aroperoje"
"1073909","xenophontian",,"eriporijon"
"1073910","xenophontians",,"eriporijan"
"1073911","xenophontic",,"wivuhujoa"
"1073912","xenophontics",,"wivuhujoen"
"1073913","xenophontine",,"ureparejo"
"1073914","xenophontines",,"ureparejet"
"1073915","xenophora",,"orupirona"
"1073916","xenophoran",,"wavehea"
"1073917","xenophoras",,"orupirane"
"1073918","xenophore",,"aroperoa"
"1073919","xenophorid",,"wevohouna"
"1073920","xenophoridae",,"wevohojuua"
"1073921","xenophoridaes",,"wevohojuot"
"1073922","xenophthalmia",,"orupiruto"
"1073923","xenophya",,"wovihiu"
"1073924","xenophyophore",,"eriporici"
"1073925","xenophysics",,"wevohonae"
"1073926","xenophyte",,"urepari"
"1073927","xenopi",,"irapann"
"1073928","xenopid",,"wivuhet"
"1073929","xenoplasm",,"wevohei"
"1073930","xenoplastic",,"orupizedat"
"1073931","xenoplastically",,"orupizeden"
"1073932","xenoplasty",,"urepazata"
"1073933","xenopodid",,"urepahi"
"1073934","xenopodidae",,"urepahevat"
"1073935","xenopodidaes",,"urepaheve"
"1073936","xenopodine",,"eripohua"
"1073937","xenopodoid",,"eripohue"
"1073938","xenopolymerase",,"irapuhoran"
"1073939","xenoposeidon",,"irapuhufon"
"1073940","xenopositive",,"orupihivu"
"1073941","xenoproduct",,"wuvahajuon"
"1073942","xenopronoun",,"wovihijei"
"1073943","xenoprotein",,"wovihijoon"
"1073944","xenops",,"irapia"
"1073945","xenopsaris",,"wavehoot"
"1073946","xenopsin",,"wevohion"
"1073947","xenopsychiatry",,"wuvaheniin"
"1073948","xenopsychologist",,"wuvahenian"
"1073949","xenopsychology",,"eripowizat"
"1073950","xenopsylla",,"irapuwa"
"1073951","xenopsyllas",,"irapuwafen"
"1073952","xenopteran",,"wevohui"
"1073953","xenopteri",,"orupibet"
"1073954","xenopteris",,"orupibi"
"1073955","xenopterygian",,"wuvahopou"
"1073956","xenopterygii",,"aropebibun"
"1073957","xenopterygiis",,"aropebibu"
"1073958","xenopus",,"orupiot"
"1073959","xenopuses",,"eripodat"
"1073960","xenopuss",,"orupidoa"
"1073961","xenopusses",,"eripode"
"1073962","xenoracism",,"eripurue"
"1073963","xenoracist",,"wivuciun"
"1073964","xenoreaction",,"eripuzaza"
"1073965","xenoreactive",,"urepozizun"
"1073966","xenoreactivity",,"woviceseat"
"1073967","xenoreceptor",,"wuvacivai"
"1073968","xenorejection",,"wuvacivae"
"1073969","xenorepopulation",,"wuvacicuon"
"1073970","xenorexia",,"wavecuun"
"1073971","xenorhynchus",,"wovicinean"
"1073972","xenorhynchuss",,"wovicineun"
"1073973","xenorhynci",,"oruparan"
"1073974","xenorhyncus",,"eripurijot"
"1073975","xenorhyncuses",,"aropirojat"
"1073976","xenorhyncusses",,"aropiroje"
"1073977","xenorophid",,"wevocuun"
"1073978","xenorphica",,"aropijet"
"1073979","xenos",,"woviq"
"1073980","xenosaprobic",,"oruperabun"
"1073981","xenosauri",,"orupereta"
"1073982","xenosaurid",,"woviqoa"
"1073983","xenosauridae",,"woviqogaen"
"1073984","xenosauridaes",,"woviqogaon"
"1073985","xenosauroid",,"wuvaqugoi"
"1073986","xenosaurus",,"eripare"
"1073987","xenosauruses",,"aropuribon"
"1073988","xenosauruss",,"eriparubin"
"1073989","xenosaurusses",,"aropuriban"
"1073990","xenoscience",,"orupetifon"
"1073991","xenosensing",,"woviqehei"
"1073992","xenosensor",,"wevoqaan"
"1073993","xenosexual",,"woviqeot"
"1073994","xenosialitis",,"wevoqisia"
"1073995","xenosiderophore",,"eripasifat"
"1073996","xenosis",,"woviqe"
"1073997","xenosociology",,"urepihavet"
"1073998","xenosome",,"wevoquen"
"1073999","xenosomic",,"woviqaa"
"1074000","xenospecific",,"wuvaqipiun"
"1074001","xenospecificity",,"aropujiza"
"1074002","xenosphere",,"orupejona"
"1074003","xenosurveillance",,"irapodilu"
"1074004","xenotarsosaurus",,"urepurudet"
"1074005","xenotech",,"wevowao"
"1074006","xenotechnology",,"wuvawivoa"
"1074007","xenotetrapeptide",,"eripezibi"
"1074008","xenotheology",,"eriperucet"
"1074009","xenothermal",,"wuvawapoan"
"1074010","xenotic",,"eripeon"
"1074011","xenotime",,"irapise"
"1074012","xenotimes",,"irapisine"
"1074013","xenotine",,"wivuwai"
"1074014","xenotite",,"wavewoat"
"1074015","xenotolerance",,"wuvawopaat"
"1074016","xenotopic",,"wavewiu"
"1074017","xenotopically",,"wavewicui"
"1074018","xenotoxic",,"wevowuon"
"1074019","xenotoxicant",,"wuvawomiat"
"1074020","xenotoxicity",,"orupohive"
"1074021","xenotoxin",,"irapihot"
"1074022","xenotransfuse",,"wavewesuon"
"1074023","xenotransfused",,"urepuqijo"
"1074024","xenotransfuses",,"wavewesuan"
"1074025","xenotransfusing",,"urepuqijun"
"1074026","xenotransfusion",,"aropaqujen"
"1074027","xenotransmission",,"wivuwusoin"
"1074028","xenotransmit",,"wivuwusoo"
"1074029","xenotransmits",,"wivuwusoet"
"1074030","xenotransmitted",,"wevowosaen"
"1074031","xenotransmitting",,"wevowosae"
"1074032","xenotransplant",,"irapiqojun"
"1074033","xenotransplantability",,"wavewesuun"
"1074034","xenotransplantable",,"orupoqejan"
"1074035","xenotransplantation",,"irapiqojan"
"1074036","xenotransplantations",,"irapiqojuna"
"1074037","xenotransplanted",,"woviwisein"
"1074038","xenotransplanter",,"wivuwusoat"
"1074039","xenotransplanting",,"woviwisei"
"1074040","xenotransplants",,"irapiqoju"
"1074041","xenotrichulid",,"urepuqazen"
"1074042","xenotropic",,"aropaqeta"
"1074043","xenotropism",,"irapiqaqon"
"1074044","xenotumor",,"wevowai"
"1074045","xenoturbellan",,"wevowawuin"
"1074046","xenoturbellid",,"woviwewaan"
"1074047","xenotype",,"wuvawoin"
"1074048","xenotyphlopid",,"woviwacae"
"1074049","xenotypic",,"wavewie"
"1074050","xenovenine",,"irapazota"
"1074051","xenozoological",,"irapuhafu"
"1074052","xenozoologist",,"irapuhafe"
"1074053","xenozoology",,"wevomujiu"
"1074054","xenozoonosis",,"wovimajeat"
"1074055","xenozoonotic",,"eripohijen"
"1074056","xenphilous",,"erifusa"
"1074057","xenpod",,"wivaa"
"1074058","xensi",,"wavar"
"1074059","xenthiorate",,"wovinujaet"
"1074060","xentrybo",,"ureqomen"
"1074061","xenu",,"wuvea"
"1074062","xenurine",,"wevicien"
"1074063","xenurus",,"irawean"
"1074064","xenuruss",,"irawedun"
"1074065","xenusian",,"oruweso"
"1074066","xeny",,"wovie"
"1074067","xenygloxal",,"arokozet"
"1074068","xenyhexenic",,"arokizefen"
"1074069","xenyl",,"arokoe"
"1074070","xenylamine",,"wevovean"
"1074071","xenylic",,"arokoea"
"1074072","xenysalate",,"wevoqeet"
"1074073","xepa",,"wapi"
"1074074","xeractinol",,"eromabu"
"1074075","xerafim",,"irumuun"
"1074076","xerafin",,"wihelon"
"1074077","xerafine",,"wohaluu"
"1074078","xerafins",,"wihelaan"
"1074079","xeralf",,"wuhoe"
"1074080","xeralfic",,"wuhovia"
"1074081","xerand",,"wehue"
"1074082","xeranses",,"aremuwe"
"1074083","xeransis",,"eromawan"
"1074084","xeranthemum",,"aremubafon"
"1074085","xeranthemums",,"aremubafan"
"1074086","xerantic",,"wehupuo"
"1074087","xerapheen",,"eromoran"
"1074088","xeraphim",,"wuhohao"
"1074089","xeraphims",,"wuhohaet"
"1074090","xeraphin",,"irumuru"
"1074091","xeraphins",,"irumurota"
"1074092","xerarch",,"wahicon"
"1074093","xerasia",,"wahiqon"
"1074094","xerasias",,"wahiqoan"
"1074095","xerces",,"wohoet"
"1074096","xerclod",,"wihivo"
"1074097","xerept",,"wihaot"
"1074098","xerert",,"wohuon"
"1074099","xeres",,"wohuq"
"1074100","xeri",,"wihi"
"1074101","xeric",,"wihis"
"1074102","xerically",,"wihisian"
"1074103","xericcer",,"orinetin"
"1074104","xericcest",,"eronatia"
"1074105","xericer",,"orineue"
"1074106","xericest",,"eronazon"
"1074107","xericities",,"eronasu"
"1074108","xericity",,"uranisete"
"1074109","xericness",,"uranifon"
"1074110","xericscaping",,"wuhuseveun"
"1074111","xericulture",,"irunodoga"
"1074112","xerif",,"uranara"
"1074113","xeriff",,"weheo"
"1074114","xerification",,"uranasato"
"1074115","xerified",,"wihilai"
"1074116","xerifies",,"irunusu"
"1074117","xerify",,"eroneto"
"1074118","xerifying",,"wahalia"
"1074119","xeriphilic",,"irunuret"
"1074120","xeriphyte",,"areneraa"
"1074121","xeris",,"wihiq"
"1074122","xeriscape",,"uranitet"
"1074123","xeriscaped",,"wuhuqea"
"1074124","xeriscaper",,"wahaqoe"
"1074125","xeriscapes",,"uraniti"
"1074126","xeriscaping",,"wuhuqesaat"
"1074127","xeriscence",,"irunotea"
"1074128","xeriscent",,"wuhuqeaa"
"1074129","xero",,"wahe"
"1074130","xerobates",,"waheraan"
"1074131","xerobateses",,"wuharudao"
"1074132","xerobatesses",,"wuharudaet"
"1074133","xerobranching",,"irupeqojat"
"1074134","xerochasic",,"eropare"
"1074135","xerochasies",,"arepurudet"
"1074136","xerochastic",,"wehososaat"
"1074137","xerochasy",,"irupore"
"1074138","xerocheilia",,"wuhasapian"
"1074139","xerochilia",,"wahesea"
"1074140","xerochore",,"wohisiin"
"1074141","xerochoric",,"wihusue"
"1074142","xerochorous",,"wuhasajoan"
"1074143","xerochory",,"wahesee"
"1074144","xerochrept",,"wehosoi"
"1074145","xerocleistogamic",,"wuhasupiet"
"1074146","xerocleistogamy",,"wehosepaet"
"1074147","xerocline",,"wahesae"
"1074148","xerocole",,"urapihen"
"1074149","xerocollyrium",,"irupohofat"
"1074150","xerocolous",,"eropahu"
"1074151","xerocomic",,"wahesie"
"1074152","xerocomorubin",,"urapihuco"
"1074153","xerocopied",,"wohisaot"
"1074154","xerocopy",,"arepuhu"
"1074155","xerocopying",,"wuhasocuat"
"1074156","xerocracy",,"irupoqat"
"1074157","xerocratic",,"wehosoon"
"1074158","xerocyte",,"arepumun"
"1074159","xerocytosis",,"irupomaco"
"1074160","xeroderma",,"wihutoon"
"1074161","xerodermae",,"wohiteu"
"1074162","xerodermas",,"wihutoan"
"1074163","xerodermata",,"irupizihin"
"1074164","xerodermatic",,"oripozohan"
"1074165","xerodermatous",,"irupizihet"
"1074166","xerodermia",,"wihutoat"
"1074167","xerodermias",,"wihutowee"
"1074168","xerodermic",,"wohiteot"
"1074169","xerodermosis",,"wuhatiwoat"
"1074170","xerofluvent",,"irupuzelen"
"1074171","xeroform",,"wohilaot"
"1074172","xerogarden",,"iruparina"
"1074173","xerogardening",,"wohimowoun"
"1074174","xerogel",,"irupaat"
"1074175","xerogeophyte",,"urapezeqin"
"1074176","xerogram",,"arepoqot"
"1074177","xerograp",,"wuhamaa"
"1074178","xerograph",,"urapeqat"
"1074179","xerographer",,"wuhamasaan"
"1074180","xerographers",,"wuhamasaun"
"1074181","xerographic",,"urapeqiqin"
"1074182","xerographically",,"urapeqiqan"
"1074183","xerographics",,"urapeqiqa"
"1074184","xerographies",,"irupaqoqi"
"1074185","xerography",,"eropiqin"
"1074186","xerohalophyte",,"uraporico"
"1074187","xerohalophytic",,"arepirucota"
"1074188","xerohylophile",,"oripameco"
"1074189","xerohylophilous",,"urapomice"
"1074190","xerohylophily",,"arepimucot"
"1074191","xerohylophyte",,"arepimuce"
"1074192","xeroid",,"urapote"
"1074193","xeroline",,"wahevoun"
"1074194","xerolith",,"irupasin"
"1074195","xeroll",,"wohiat"
"1074196","xerollic",,"wohivoin"
"1074197","xeroma",,"wuhaun"
"1074198","xeromammogram",,"oriparoha"
"1074199","xeromammographic",,"eropurehot"
"1074200","xeromammographically",,"eropurehat"
"1074201","xeromammography",,"iruperihot"
"1074202","xeromas",,"wuhazu"
"1074203","xeromata",,"uraporen"
"1074204","xeromenia",,"arepiza"
"1074205","xeromesic",,"wohizein"
"1074206","xeromesophyte",,"eropuzocen"
"1074207","xeromesophytic",,"oripazica"
"1074208","xeromorph",,"oripahi"
"1074209","xeromorphic",,"oripahoqe"
"1074210","xeromorphism",,"arepihaqu"
"1074211","xeromorphous",,"irupehiqan"
"1074212","xeromorphs",,"oripahat"
"1074213","xeromorphy",,"urapohea"
"1074214","xeromycteria",,"wahezivaa"
"1074215","xeromyron",,"waheziu"
"1074216","xeromyrum",,"oripamet"
"1074217","xeronate",,"wohipoun"
"1074218","xeronic",,"oripeota"
"1074219","xeronosus",,"irupohin"
"1074220","xerophage",,"wihuhuat"
"1074221","xerophagia",,"wahehea"
"1074222","xerophagic",,"wuhahai"
"1074223","xerophagies",,"wihuhusaot"
"1074224","xerophagy",,"wehohoi"
"1074225","xerophil",,"areperoe"
"1074226","xerophila",,"eroporu"
"1074227","xerophile",,"uraparat"
"1074228","xerophiles",,"urapare"
"1074229","xerophilic",,"areperi"
"1074230","xerophilies",,"uraparafot"
"1074231","xerophilous",,"eroporofen"
"1074232","xerophily",,"oripiria"
"1074233","xerophobe",,"irupurua"
"1074234","xerophobia",,"arepereta"
"1074235","xerophobic",,"uraparuna"
"1074236","xerophobious",,"areperovun"
"1074237","xerophobous",,"areperovi"
"1074238","xerophonia",,"oripirat"
"1074239","xerophthalmia",,"areperotin"
"1074240","xerophthalmias",,"areperota"
"1074241","xerophthalmic",,"uraparetet"
"1074242","xerophthalmos",,"eroporitan"
"1074243","xerophthalmus",,"irupuratun"
"1074244","xerophthalmy",,"eroporitet"
"1074245","xerophyll",,"wehohoan"
"1074246","xerophylla",,"wohihien"
"1074247","xerophyllum",,"wihuhunaa"
"1074248","xerophyllums",,"wihuhunaen"
"1074249","xerophyte",,"oripirene"
"1074250","xerophytes",,"oripirona"
"1074251","xerophytic",,"irupura"
"1074252","xerophytically",,"irupuragun"
"1074253","xerophytism",,"eroporigo"
"1074254","xerophytisms",,"eroporiget"
"1074255","xerophytization",,"wahehenau"
"1074256","xerophyton",,"wihuhuu"
"1074257","xeroplastic",,"arepezudon"
"1074258","xeropoophile",,"wahehijei"
"1074259","xeropoophilous",,"wohihajia"
"1074260","xeropoophily",,"wihuhejuet"
"1074261","xeropoophyte",,"wihuhejua"
"1074262","xeroprint",,"wuhahaet"
"1074263","xeroprinted",,"oripiqijan"
"1074264","xeroprinting",,"oripiqija"
"1074265","xeroprints",,"wuhahaia"
"1074266","xeroprotectant",,"wahehejaon"
"1074267","xeroprotection",,"eropoqigi"
"1074268","xeropsamment",,"urapawihin"
"1074269","xeropthalmia",,"wahehisoon"
"1074270","xeroradiogram",,"iruperavan"
"1074271","xeroradiograph",,"oriparuvo"
"1074272","xeroradiographic",,"oriparuvi"
"1074273","xeroradiographically",,"oriparuva"
"1074274","xeroradiographies",,"eropurivot"
"1074275","xeroradiography",,"uraporevi"
"1074276","xeroriparian",,"wohicucuan"
"1074277","xerorthent",,"eropubu"
"1074278","xeroseral",,"wuhaqia"
"1074279","xerosere",,"irupozan"
"1074280","xeroseres",,"irupozun"
"1074281","xeroses",,"wuhaqe"
"1074282","xerosialography",,"wihuqasaun"
"1074283","xerosis",,"waheqan"
"1074284","xerosol",,"arepuua"
"1074285","xerospermoides",,"urapijobo"
"1074286","xerosphere",,"arepujo"
"1074287","xerostalgia",,"wehoqusie"
"1074288","xerostoma",,"arepuba"
"1074289","xerostomas",,"arepuben"
"1074290","xerostomata",,"wehoqujuat"
"1074291","xerostomia",,"arepubet"
"1074292","xerostomias",,"arepubohi"
"1074293","xerostomic",,"urapibun"
"1074294","xerostomy",,"eropabun"
"1074295","xerotes",,"irupii"
"1074296","xerotherm",,"oriporet"
"1074297","xerothermal",,"wohiwipaet"
"1074298","xerothermic",,"oriporabat"
"1074299","xerothermophilic",,"wahewepio"
"1074300","xerothermophilous",,"wehowopuin"
"1074301","xerothermous",,"irupirebon"
"1074302","xerothermy",,"urapurate"
"1074303","xerotherous",,"areparibon"
"1074304","xerotic",,"urapuo"
"1074305","xerotica",,"arepasu"
"1074306","xerotocia",,"oripohena"
"1074307","xerotolerance",,"wohiwapion"
"1074308","xerotolerant",,"oripohefun"
"1074309","xerotomography",,"wihuwefian"
"1074310","xerotripses",,"arepaqeqon"
"1074311","xerotripsis",,"eropeqoqo"
"1074312","xerotropic",,"irupiqa"
"1074313","xerotropism",,"eropeqiqo"
"1074314","xerox",,"oripeni"
"1074315","xeroxable",,"eropari"
"1074316","xeroxcopy",,"wihukai"
"1074317","xeroxed",,"wehoku"
"1074318","xeroxer",,"wohikan"
"1074319","xeroxes",,"eropaen"
"1074320","xeroxing",,"wehokion"
"1074321","xeroxlore",,"oripezen"
"1074322","xeroxs",,"oripeno"
"1074323","xers",,"wihia"
"1074324","xerself",,"wohovun"
"1074325","xertz",,"wuham"
"1074326","xertzed",,"oriqiun"
"1074327","xertzes",,"wihuma"
"1074328","xertzing",,"oriqisen"
"1074329","xerulin",,"wihavon"
"1074330","xerult",,"wahoet"
"1074331","xerus",,"wohuqa"
"1074332","xeruses",,"wehiqin"
"1074333","xeruss",,"wohui"
"1074334","xerxean",,"wihiva"
"1074335","xerxes",,"uragu"
"1074336","xerxess",,"uragaot"
"1074337","xest",,"woji"
"1074338","xestobium",,"eriqesun"
"1074339","xestoquinone",,"wajefaguet"
"1074340","xestospongin",,"iraqiwecat"
"1074341","xestospongine",,"oruqowaca"
"1074342","xesturgy",,"ureqaqeta"
"1074343","xesyhprm",,"wajenuun"
"1074344","xetra",,"irejas"
"1074345","xever",,"aratiti"
"1074346","xevinapant",,"wuwupuet"
"1074347","xevious",,"wowofun"
"1074348","xevsurian",,"wuwubao"
"1074349","xewioso",,"uranuen"
"1074350","xfade",,"udusaa"
"1074351","xfaded",,"wulaan"
"1074352","xfades",,"udusin"
"1074353","xfading",,"wulara"
"1074354","xfed",,"idoss"
"1074355","xfeed",,"odeto"
"1074356","xfeeding",,"wesitiet"
"1074357","xfeeds",,"odetun"
"1074358","xfel",,"odete"
"1074359","xfer",,"udiji"
"1074360","xferred",,"idojei"
"1074361","xferring",,"idojesot"
"1074362","xfers",,"udijia"
"1074363","xfic",,"wamae"
"1074364","xflop",,"wosih"
"1074365","xform",,"adijia"
"1074366","xformed",,"wuzizin"
"1074367","xforming",,"wuzizei"
"1074368","xforms",,"adijue"
"1074369","xfree",,"idutut"
"1074370","xgal",,"walo"
"1074371","xgazd",,"egelea"
"1074372","xgdns",,"eguza"
"1074373","xgds",,"waru"
"1074374","xgdsn",,"egucae"
"1074375","xgender",,"wesaton"
"1074376","xgeva",,"wusen"
"1074377","xgnds",,"egisai"
"1074378","xgnvds",,"wevion"
"1074379","xgzd",,"agus"
"1074380","xhair",,"akaniti"
"1074381","xhamadan",,"wulenae"
"1074382","xheadbox",,"ikomisan"
"1074383","xheadcol",,"wesotein"
"1074384","xheadrow",,"wesotain"
"1074385","xhitter",,"okuqoai"
"1074386","xhmeia",,"wutuat"
"1074387","xhosa",,"wuzon"
"1074388","xhosan",,"ukoco"
"1074389","xhosaness",,"ikecafin"
"1074390","xhosans",,"ukoceeti"
"1074391","xhosas",,"wuzoat"
"1074392","xhtml",,"wocuv"
"1074393","xi",,"ile"
"1074394","xiafs",,"wuliq"
"1074395","xiahe",,"woliv"
"1074396","xiahuayuan",,"ulumarat"
"1074397","xiajiadian",,"weluriu"
"1074398","xialu",,"walab"
"1074399","xialuhe",,"eletoia"
"1074400","xiamen",,"wolie"
"1074401","xiamycin",,"waleluin"
"1074402","xian",,"waloa"
"1074403","xianan",,"alazuna"
"1074404","xianbei",,"elezuon"
"1074405","xianbing",,"wulerii"
"1074406","xianfeng",,"wulelai"
"1074407","xiang",,"welim"
"1074408","xiangan",,"elezian"
"1074409","xiangcheng",,"wulemie"
"1074410","xiangdi",,"olozuoa"
"1074411","xiangdong",,"welimeu"
"1074412","xiangfan",,"welimoun"
"1074413","xiangfen",,"wulemai"
"1074414","xiangfu",,"ilizau"
"1074415","xianggang",,"ilizanen"
"1074416","xianghe",,"olozuoe"
"1074417","xiangjiangite",,"alazoteta"
"1074418","xiangling",,"wilamaen"
"1074419","xiangliu",,"alazozen"
"1074420","xiangning",,"wolumeat"
"1074421","xiangqi",,"wolumo"
"1074422","xiangsen",,"uluzewia"
"1074423","xiangshan",,"walomuen"
"1074424","xiangsheng",,"wulemiu"
"1074425","xiangshui",,"olozuwat"
"1074426","xiangtan",,"wulemuon"
"1074427","xiangxi",,"alazoota"
"1074428","xiangxiang",,"wilamoen"
"1074429","xiangyang",,"uluzemun"
"1074430","xiangyao",,"welimean"
"1074431","xiangyuan",,"olozumon"
"1074432","xiangzhou",,"wulemaat"
"1074433","xianity",,"ilizoun"
"1074434","xianjie",,"alazain"
"1074435","xianju",,"alaze"
"1074436","xianning",,"welipae"
"1074437","xians",,"waloq"
"1074438","xiantao",,"uluzuena"
"1074439","xianxia",,"alazuua"
"1074440","xianyang",,"iliziru"
"1074441","xianyou",,"wilalan"
"1074442","xiao",,"elepti"
"1074443","xiaobing",,"alapiso"
"1074444","xiaobo",,"wolae"
"1074445","xiaochang",,"eleparu"
"1074446","xiaochi",,"walisu"
"1074447","xiaodian",,"ulupusona"
"1074448","xiaodushanian",,"olopoditot"
"1074449","xiaoerjing",,"wolavaat"
"1074450","xiaofei",,"walilu"
"1074451","xiaogan",,"wulomen"
"1074452","xiaogang",,"walimoa"
"1074453","xiaoguan",,"wilemue"
"1074454","xiaohui",,"wulonet"
"1074455","xiaolei",,"wolavot"
"1074456","xiaoli",,"wilean"
"1074457","xiaolin",,"olopuen"
"1074458","xiaolong",,"alapohen"
"1074459","xiaolongbao",,"wolavoheun"
"1074460","xiaomi",,"ulupen"
"1074461","xiaomin",,"walizin"
"1074462","xiaonan",,"olopeaa"
"1074463","xiaoping",,"eleposu"
"1074464","xiaopings",,"eleposot"
"1074465","xiaoruan",,"ulupodon"
"1074466","xiaosaurus",,"wuloqean"
"1074467","xiaoting",,"ulupusata"
"1074468","xiaotingia",,"alapasan"
"1074469","xiaowen",,"wuloga"
"1074470","xiaoxia",,"wilekan"
"1074471","xiaoyi",,"ilipana"
"1074472","xiapei",,"wiloon"
"1074473","xiapu",,"wilob"
"1074474","xiaren",,"elejen"
"1074475","xiayi",,"elekaa"
"1074476","xibaipo",,"ilumoun"
"1074477","xibalba",,"wimivon"
"1074478","xibalban",,"olimusa"
"1074479","xibe",,"wema"
"1074480","xibenolol",,"elotahu"
"1074481","xibo",,"wumo"
"1074482","xibornol",,"ulapofan"
"1074483","xicak",,"ilamua"
"1074484","xicaks",,"ilamit"
"1074485","xicana",,"wenea"
"1074486","xicano",,"wonoe"
"1074487","xicanx",,"ulemota"
"1074488","xicaque",,"ilamaia"
"1074489","xicaquean",,"wanajeu"
"1074490","xicaques",,"ilamadat"
"1074491","xichang",,"ilamaea"
"1074492","xicheng",,"elimoan"
"1074493","xichuan",,"elimoie"
"1074494","xico",,"alopre"
"1074495","xiden",,"ulotit"
"1074496","xiebaisaponin",,"ilonasutat"
"1074497","xiehouyu",,"wisufuun"
"1074498","xier",,"wesoe"
"1074499","xiest",,"wasowa"
"1074500","xiexie",,"wosuun"
"1074501","xiezhe",,"ilolona"
"1074502","xiezhi",,"uliloi"
"1074503","xifeng",,"oletau"
"1074504","xifengite",,"wugipeat"
"1074505","xifu",,"woge"
"1074506","xigang",,"wokoot"
"1074507","xigaz",,"wakam"
"1074508","xigong",,"wikeun"
"1074509","xigu",,"iliwnu"
"1074510","xigua",,"uluweo"
"1074511","xihe",,"wela"
"1074512","xihu",,"welaa"
"1074513","xihua",,"wolen"
"1074514","xiier",,"wemac"
"1074515","xiiest",,"wamuat"
"1074516","xiii",,"ilanto"
"1074517","xiiier",,"wemiet"
"1074518","xiiiest",,"wamovu"
"1074519","xiiis",,"ilanoi"
"1074520","xiiith",,"ilanena"
"1074521","xiis",,"ilacso"
"1074522","xiism",,"elicua"
"1074523","xiith",,"ilaqei"
"1074524","xiji",,"weni"
"1074525","xiju",,"wanu"
"1074526","xikang",,"warae"
"1074527","xila",,"wese"
"1074528","xilam",,"wusuz"
"1074529","xilic",,"wasos"
"1074530","xiling",,"alanote"
"1074531","xilingol",,"wusepeun"
"1074532","xilingolite",,"uluninefen"
"1074533","xilings",,"alanuoa"
"1074534","xilingsaponin",,"wisapaboin"
"1074535","xilinous",,"alanuhena"
"1074536","xilobam",,"ilipeun"
"1074537","xilokastro",,"wusotee"
"1074538","xilokastron",,"ilipurugi"
"1074539","xiluo",,"wesaf"
"1074540","ximab",,"weter"
"1074541","ximana",,"wutuot"
"1074542","ximelagatran",,"aletorutat"
"1074543","ximena",,"wotee"
"1074544","ximenean",,"aletuzin"
"1074545","ximeneans",,"aletuza"
"1074546","ximenes",,"watupun"
"1074547","ximenesia",,"wetapoat"
"1074548","ximeness",,"watupeu"
"1074549","ximenez",,"ilutoane"
"1074550","ximengite",,"olitenia"
"1074551","ximenia",,"wotepot"
"1074552","ximenias",,"wotepeo"
"1074553","ximenynic",,"olitemon"
"1074554","ximera",,"watuan"
"1074555","ximiao",,"ulanena"
"1074556","ximo",,"ilupnu"
"1074557","ximoprofen",,"alepeqan"
"1074558","xina",,"wavaa"
"1074559","xinafoate",,"wiviliu"
"1074560","xinag",,"wevem"
"1074561","xinaliq",,"elimiat"
"1074562","xinalug",,"alomoot"
"1074563","xinan",,"ulemit"
"1074564","xinas",,"wavaq"
"1074565","xinasho",,"ulemiona"
"1074566","xinbei",,"alonune"
"1074567","xinbin",,"woviin"
"1074568","xinca",,"wavon"
"1074569","xincai",,"wavoat"
"1074570","xincan",,"ulera"
"1074571","xincans",,"ulereen"
"1074572","xincas",,"wavoan"
"1074573","xincheng",,"wovunien"
"1074574","xinchengzi",,"alorizia"
"1074575","xindian",,"wovarot"
"1074576","xindu",,"ulesas"
"1074577","xineni",,"olutoti"
"1074578","xineohp",,"wovefa"
"1074579","xinesi",,"wivoi"
"1074580","xinfeng",,"wivove"
"1074581","xinfu",,"elikoa"
"1074582","xing",,"wavae"
"1074583","xingan",,"alolui"
"1074584","xingchao",,"aloluro"
"1074585","xingcheng",,"wivisea"
"1074586","xingdong",,"wavatao"
"1074587","xingguo",,"wovomen"
"1074588","xinghai",,"ilalein"
"1074589","xinghao",,"alolia"
"1074590","xinghua",,"olulaen"
"1074591","xinghualing",,"ulelodifet"
"1074592","xingjiang",,"wuvusiu"
"1074593","xingkai",,"wavatot"
"1074594","xingping",,"wavahuet"
"1074595","xingqing",,"elilisot"
"1074596","xingren",,"wovoca"
"1074597","xings",,"wavaqa"
"1074598","xingshan",,"wuvuqoan"
"1074599","xingshu",,"elilaun"
"1074600","xingtai",,"oluloen"
"1074601","xingu",,"wuvub"
"1074602","xingus",,"wuvuoa"
"1074603","xingyang",,"ilalirot"
"1074604","xingye",,"weveen"
"1074605","xingyi",,"wovoot"
"1074606","xingyiquan",,"olulosun"
"1074607","xingzhongite",,"wevemujoi"
"1074608","xinhai",,"olumao"
"1074609","xinhua",,"elimoni"
"1074610","xinhuas",,"elimoana"
"1074611","xinhui",,"alomina"
"1074612","xinidamine",,"wuveteun"
"1074613","xining",,"ulenont"
"1074614","xinis",,"wuveq"
"1074615","xinisteri",,"wivaqiot"
"1074616","xinjian",,"wovaro"
"1074617","xinjiang",,"wiveraot"
"1074618","xinjiangchelyid",,"ulerirasun"
"1074619","xinjiangese",,"wevurihaa"
"1074620","xinjiangs",,"wiverao"
"1074621","xinlin",,"wavaua"
"1074622","xinmi",,"wovir"
"1074623","xinning",,"wavora"
"1074624","xinomavro",,"wevuzie"
"1074625","xinomiline",,"wuvoziin"
"1074626","xinping",,"wuviri"
"1074627","xinpu",,"elifoa"
"1074628","xinqing",,"alohuo"
"1074629","xinqiu",,"wuvuoe"
"1074630","xinrong",,"wavefot"
"1074631","xinshi",,"elican"
"1074632","xint",,"aloqnu"
"1074633","xintian",,"wovara"
"1074634","xinu",,"wivo"
"1074635","xinwu",,"wevob"
"1074636","xinxiang",,"weviriun"
"1074637","xinxing",,"wavorot"
"1074638","xinyang",,"olukuo"
"1074639","xinye",,"waviv"
"1074640","xinyi",,"wevur"
"1074641","xinying",,"elikaun"
"1074642","xinyizhou",,"wuvoraat"
"1074643","xinyu",,"wavib"
"1074644","xinzheng",,"alolizo"
"1074645","xinzhou",,"wovena"
"1074646","xinzhu",,"wavuun"
"1074647","xinzhuang",,"eliludin"
"1074648","xiomara",,"wuzano"
"1074649","xiong",,"wozum"
"1074650","xiongan",,"olazuen"
"1074651","xiongguanlong",,"eluzinutu"
"1074652","xionghuang",,"wezimuo"
"1074653","xiongnu",,"alizoaa"
"1074654","xiongnus",,"alizofen"
"1074655","xiorro",,"ilejate"
"1074656","xipamide",,"olemaso"
"1074657","xipaya",,"wopoun"
"1074658","xipe",,"wope"
"1074659","xipes",,"wopeq"
"1074660","xiphactinus",,"olemutuve"
"1074661","xiphi",,"alumue"
"1074662","xiphial",,"wipure"
"1074663","xiphias",,"elamaate"
"1074664","xiphiases",,"alumuren"
"1074665","xiphiass",,"elamare"
"1074666","xiphidiocercaria",,"wopirotuet"
"1074667","xiphidiocercous",,"olemevicet"
"1074668","xiphidius",,"wopiroi"
"1074669","xiphihumeralis",,"waperigao"
"1074670","xiphihumeralises",,"wuparogue"
"1074671","xiphiid",,"wipurea"
"1074672","xiphiidae",,"wipuroin"
"1074673","xiphiidaes",,"wipuroa"
"1074674","xiphiiform",,"olemesot"
"1074675","xiphioid",,"waperao"
"1074676","xiphioides",,"wuparue"
"1074677","xiphiplastra",,"olemejetot"
"1074678","xiphiplastral",,"wuparapiet"
"1074679","xiphiplastrals",,"wuparapii"
"1074680","xiphiplastron",,"wuparapion"
"1074681","xiphiplastrons",,"wuparapian"
"1074682","xiphisterna",,"weporadua"
"1074683","xiphisternal",,"elamawifon"
"1074684","xiphisternum",,"wopiredain"
"1074685","xiphisternums",,"wopiredaa"
"1074686","xiphistna",,"ilomowo"
"1074687","xiphisura",,"wupariat"
"1074688","xiphisuran",,"ilomowet"
"1074689","xiphisuras",,"wuparie"
"1074690","xiphium",,"olemeet"
"1074691","xiphiura",,"wuparai"
"1074692","xiphiuras",,"wuparaat"
"1074693","xiphius",,"ulimiia"
"1074694","xiphiuss",,"ulimidat"
"1074695","xipho",,"olemos"
"1074696","xiphocentronid",,"wepofapoan"
"1074697","xiphocostal",,"ilomitadon"
"1074698","xiphodon",,"elameve"
"1074699","xiphodons",,"elamevin"
"1074700","xiphodontid",,"alumavojat"
"1074701","xiphodontidae",,"alumavoje"
"1074702","xiphodontidaes",,"alumavojin"
"1074703","xiphodynia",,"olemovat"
"1074704","xiphoid",,"wapefin"
"1074705","xiphoidal",,"elamesini"
"1074706","xiphoidalgia",,"ilomisatun"
"1074707","xiphoidectomy",,"olemosufot"
"1074708","xiphoidian",,"alumasan"
"1074709","xiphoiditis",,"elamesivon"
"1074710","xiphoids",,"wapefua"
"1074711","xiphonite",,"ilomifo"
"1074712","xiphoomphaloischiopagus",,"wupafufoen"
"1074713","xiphoomphalopagus",,"ilomihiqat"
"1074714","xiphopagi",,"wupafae"
"1074715","xiphopagic",,"wupafau"
"1074716","xiphopagotomy",,"ulimujisi"
"1074717","xiphopagous",,"wapefesuat"
"1074718","xiphopagus",,"wipufuen"
"1074719","xiphopaguses",,"wopifiseu"
"1074720","xiphophorine",,"ilomijice"
"1074721","xiphophyllous",,"ulimujuran"
"1074722","xiphopubic",,"ilomijen"
"1074723","xiphos",,"olemai"
"1074724","xiphosauran",,"elamewako"
"1074725","xiphosterna",,"wipufodeen"
"1074726","xiphosternal",,"ilomiwafan"
"1074727","xiphosternum",,"wupafidoa"
"1074728","xiphosura",,"wepofae"
"1074729","xiphosurae",,"wapefuen"
"1074730","xiphosuran",,"alumawi"
"1074731","xiphosurans",,"alumawibat"
"1074732","xiphosuras",,"wepofain"
"1074733","xiphosure",,"wupafian"
"1074734","xiphosurid",,"elamewaa"
"1074735","xiphosuridae",,"elamewuben"
"1074736","xiphosuridaes",,"elamewubon"
"1074737","xiphosurous",,"wepofageo"
"1074738","xiphosurus",,"wupafie"
"1074739","xiphosuruss",,"wupafiguin"
"1074740","xiphuous",,"alumeho"
"1074741","xiphura",,"wupaben"
"1074742","xiphuras",,"wupaboon"
"1074743","xiphydria",,"ilomivot"
"1074744","xiphydrias",,"ilomivo"
"1074745","xiphydriid",,"wapelaet"
"1074746","xiphydriidae",,"wapelawei"
"1074747","xiphydriidaes",,"wapelaweat"
"1074748","xiping",,"ilones"
"1074749","xipranolol",,"wipunoen"
"1074750","xiqin",,"wafop"
"1074751","xiqing",,"wefii"
"1074752","xique",,"olowi"
"1074753","xiquima",,"oloweo"
"1074754","xiraxara",,"wihikaan"
"1074755","xiraxaras",,"wihikaun"
"1074756","xirdalan",,"elosizana"
"1074757","xiri",,"wohua"
"1074758","xirself",,"wehivi"
"1074759","xis",,"ilado"
"1074760","xisha",,"wijun"
"1074761","xishuangbanna",,"wijubahoan"
"1074762","xishui",,"wejoon"
"1074763","xist",,"weju"
"1074764","xisted",,"eliqoi"
"1074765","xistence",,"ilaqufat"
"1074766","xistent",,"wojavin"
"1074767","xisting",,"eliqaun"
"1074768","xists",,"wejuq"
"1074769","xitamgod",,"ulomonia"
"1074770","xitan",,"elumau"
"1074771","xith",,"ilemna"
"1074772","xitieshanite",,"ulonawuta"
"1074773","xitl",,"elutni"
"1074774","xitlcatl",,"aliturota"
"1074775","xitler",,"wucuot"
"1074776","xits",,"weci"
"1074777","xitsonga",,"ulocufana"
"1074778","xitswa",,"wacoan"
"1074779","xitted",,"wucou"
"1074780","xitter",,"wacian"
"1074781","xitting",,"wucoron"
"1074782","xiucai",,"ilorii"
"1074783","xiushan",,"elacuana"
"1074784","xiushanian",,"wiqanao"
"1074785","xiushui",,"waqonin"
"1074786","xiuwen",,"waqean"
"1074787","xiuwu",,"ulida"
"1074788","xiuying",,"wequran"
"1074789","xiuyu",,"ilokua"
"1074790","xiver",,"eletuni"
"1074791","xivest",,"alatatn"
"1074792","xivs",,"wawoa"
"1074793","xivth",,"wawin"
"1074794","xivver",,"wiwiet"
"1074795","xivvest",,"wowovu"
"1074796","xixer",,"alotita"
"1074797","xixes",,"widoq"
"1074798","xixest",,"uletota"
"1074799","xixia",,"wadon"
"1074800","xixian",,"ulenos"
"1074801","xixiang",,"alonoot"
"1074802","xixime",,"wedien"
"1074803","xixis",,"wudeq"
"1074804","xixiu",,"widab"
"1074805","xixua",,"wudin"
"1074806","xixxer",,"wedia"
"1074807","xixxest",,"wadovat"
"1074808","xiyang",,"wigii"
"1074809","xiyin",,"wegip"
"1074810","xiyu",,"ulowta"
"1074811","xizang",,"ulimos"
"1074812","xizangs",,"ulimieta"
"1074813","xizeeks",,"wakuvat"
"1074814","xizhi",,"alumuu"
"1074815","xizu",,"woke"
"1074816","xjpgy",,"omeloa"
"1074817","xlapse",,"irifon"
"1074818","xlate",,"ereqoa"
"1074819","xler",,"erajna"
"1074820","xlest",,"arucat"
"1074821","xlet",,"aruqne"
"1074822","xlink",,"irazunu"
"1074823","xlispstat",,"iracuwot"
"1074824","xlnt",,"wavai"
"1074825","xlock",,"wuzit"
"1074826","xlpe",,"oretra"
"1074827","xlsx",,"uregs"
"1074828","xmas",,"osocra"
"1074829","xmased",,"wilee"
"1074830","xmases",,"esecoa"
"1074831","xmasing",,"wileret"
"1074832","xmass",,"osocea"
"1074833","xmassed",,"wileqin"
"1074834","xmassing",,"wileqii"
"1074835","xmassy",,"usucot"
"1074836","xmastide",,"asacasu"
"1074837","xmax",,"wola"
"1074838","xmen",,"wasi"
"1074839","xmgnds",,"usuzo"
"1074840","xmgnvds",,"wakidon"
"1074841","xmind",,"isazie"
"1074842","xmission",,"wimeqian"
"1074843","xmit",,"wimoa"
"1074844","xmits",,"wimoq"
"1074845","xmitted",,"wemawu"
"1074846","xmitting",,"wemaweon"
"1074847","xmlhttp",,"wisawet"
"1074848","xmns",,"wevua"
"1074849","xmnvs",,"osube"
"1074850","xmodem",,"wozeet"
"1074851","xmooc",,"asipue"
"1074852","xmpp",,"usife"
"1074853","xmrv",,"aseba"
"1074854","xmtr",,"esuji"
"1074855","xmytnvrsp",,"wigopei"
"1074856","xmzgnvdrs",,"wokipau"
"1074857","xmznrs",,"wikeot"
"1074858","xnand",,"wolut"
"1074859","xnay",,"wolaa"
"1074860","xndrszg",,"itejoat"
"1074861","xndsg",,"etuci"
"1074862","xnet",,"utiqs"
"1074863","xnew",,"wesoi"
"1074864","xnilr",,"wimic"
"1074865","xnipec",,"etifen"
"1074866","xnipek",,"atofe"
"1074867","xnone",,"utozae"
"1074868","xnor",,"itejne"
"1074869","xnty",,"otaku"
"1074870","xnvs",,"utucn"
"1074871","xnzdrsg",,"itoseat"
"1074872","xoana",,"wulan"
"1074873","xoanon",,"ivizana"
"1074874","xoanona",,"uvuzuen"
"1074875","xoanons",,"iviziun"
"1074876","xobhcnul",,"evomafat"
"1074877","xoblj",,"wimos"
"1074878","xochapa",,"uvemeoa"
"1074879","xochicalcan",,"winiresei"
"1074880","xochimilcan",,"wanarotiin"
"1074881","xochimilco",,"uvemipin"
"1074882","xochinacaztli",,"wunurosui"
"1074883","xochipilli",,"uvemija"
"1074884","xochipillis",,"uvemijafen"
"1074885","xochiquetzal",,"avomucifan"
"1074886","xochistlahuaca",,"evimawifi"
"1074887","xocmo",,"avovai"
"1074888","xocoatl",,"evipion"
"1074889","xocolatophobia",,"winavudua"
"1074890","xocolatophobic",,"wonuvidii"
"1074891","xocolo",,"wonuen"
"1074892","xocomecatlite",,"wenizevui"
"1074893","xocomil",,"winaza"
"1074894","xoconostle",,"winapoon"
"1074895","xodo",,"weri"
"1074896","xofder",,"wagoin"
"1074897","xoferif",,"wogacan"
"1074898","xoff",,"ivokt"
"1074899","xoffs",,"ivokoi"
"1074900","xofhh",,"wogon"
"1074901","xofjb",,"wegir"
"1074902","xofls",,"avutute"
"1074903","xograph",,"wukunun"
"1074904","xographs",,"wukunuu"
"1074905","xography",,"wekeneot"
"1074906","xohelcnu",,"wulovoun"
"1074907","xokleng",,"avuteot"
"1074908","xolo",,"wasoa"
"1074909","xoloitzcuintle",,"avapubizot"
"1074910","xoloitzcuintli",,"evepabuze"
"1074911","xomana",,"woteo"
"1074912","xonaltite",,"avomobo"
"1074913","xong",,"wivoa"
"1074914","xongxong",,"wevakao"
"1074915","xoniuqe",,"wevobe"
"1074916","xonotlite",,"evipezu"
"1074917","xons",,"wovii"
"1074918","xoogler",,"evulian"
"1074919","xoomii",,"avivin"
"1074920","xoomij",,"wuzuat"
"1074921","xopek",,"wupot"
"1074922","xopher",,"wepeat"
"1074923","xophers",,"wepeve"
"1074924","xopn",,"uvizni"
"1074925","xopr",,"ovejnu"
"1074926","xorb",,"evonne"
"1074927","xored",,"uvatuto"
"1074928","xorg",,"weha"
"1074929","xorgon",,"evoli"
"1074930","xori",,"wahea"
"1074931","xoring",,"uvaneta"
"1074932","xorl",,"uvatta"
"1074933","xorn",,"ivuznu"
"1074934","xorphanol",,"wehunoen"
"1074935","xors",,"wahee"
"1074936","xorw",,"wihie"
"1074937","xosa",,"evimsa"
"1074938","xosas",,"evimato"
"1074939","xottam",,"iveqia"
"1074940","xoxo",,"wude"
"1074941","xoxoxo",,"uvepane"
"1074942","xpand",,"wilit"
"1074943","xpath",,"welon"
"1074944","xpaxn",,"welep"
"1074945","xpcn",,"ozuzn"
"1074946","xpcom",,"wanez"
"1074947","xpdl",,"wire"
"1074948","xpdr",,"warua"
"1074949","xpeng",,"ozezue"
"1074950","xper",,"uzijne"
"1074951","xphelan",,"ezotii"
"1074952","xplain",,"wosaun"
"1074953","xpndr",,"ozusa"
"1074954","xpointer",,"izenobu"
"1074955","xpon",,"uzozu"
"1074956","xponential",,"wazavoa"
"1074957","xport",,"wozew"
"1074958","xpost",,"ezuce"
"1074959","xposted",,"wazawon"
"1074960","xposting",,"wazawoin"
"1074961","xposts",,"ezucet"
"1074962","xpress",,"uzatot"
"1074963","xpressed",,"wihaqaen"
"1074964","xprtsys",,"wohiqun"
"1074965","xpuhil",,"wiqoon"
"1074966","xputer",,"wiqua"
"1074967","xpygnvds",,"izeloge"
"1074968","xpyn",,"uzozn"
"1074969","xpytnvr",,"wigupet"
"1074970","xquery",,"weqoen"
"1074971","xquic",,"ipono"
"1074972","xrafstar",,"ofokebo"
"1074973","xray",,"wuli"
"1074974","xrayfish",,"welaleen"
"1074975","xrcd",,"ifasta"
"1074976","xrct",,"ifaqta"
"1074977","xref",,"ufiku"
"1074978","xreffed",,"ufikao"
"1074979","xreffing",,"ufikasun"
"1074980","xrefs",,"ufikia"
"1074981","xrele",,"afutes"
"1074982","xrepl",,"wasav"
"1074983","xrinh",,"wumon"
"1074984","xrnh",,"wuvee"
"1074985","xrytnp",,"ufoqa"
"1074986","xsarabia",,"ohojusot"
"1074987","xscape",,"winio"
"1074988","xsect",,"wasowe"
"1074989","xslt",,"ehequ"
"1074990","xsmn",,"wotua"
"1074991","xsoc",,"ahirt"
"1074992","xsplit",,"wepeet"
"1074993","xsrf",,"aheke"
"1074994","xstmas",,"wacean"
"1074995","xswap",,"woboh"
"1074996","xswaploc",,"uhamazeta"
"1074997","xswaputl",,"wubuhaen"
"1074998","xswapwan",,"ahemeku"
"1074999","xsyn",,"wegi"
"1075000","xtailbox",,"ojonuso"
"1075001","xtal",,"ojotni"
"1075002","xtampak",,"ijivuat"
"1075003","xtard",,"wilita"
"1075004","xtelab",,"wesaon"
"1075005","xtend",,"wisut"
"1075006","xtended",,"ojezoun"
"1075007","xtending",,"ojezosen"
"1075008","xtends",,"wisuat"
"1075009","xter",,"ojejna"
"1075010","xterm",,"ajujie"
"1075011","xterms",,"ajujat"
"1075012","xtgdnrysp",,"wukepeu"
"1075013","xtgmdnryp",,"wokotaun"
"1075014","xtgsnryjp",,"wukapeot"
"1075015","xtian",,"ejimae"
"1075016","xtianity",,"womepaan"
"1075017","xtians",,"ejimet"
"1075018","xtina",,"ejizii"
"1075019","xtmas",,"wetaq"
"1075020","xtnr",,"wavao"
"1075021","xtoadflax",,"wizotio"
"1075022","xtopher",,"ejufui"
"1075023","xtpcheck",,"wopinoon"
"1075024","xtpnry",,"ujizae"
"1075025","xtractaurs",,"ujamibi"
"1075026","xtreme",,"ujatin"
"1075027","xtys",,"wuga"
"1075028","xu",,"oc"
"1075029","xuan",,"wele"
"1075030","xuancheng",,"wulusaen"
"1075031","xuanen",,"ocoze"
"1075032","xuanhanosaurus",,"ecezuroci"
"1075033","xuanhua",,"ecezuon"
"1075034","xuanhuan",,"wulunia"
"1075035","xuanhuasaurus",,"welenasain"
"1075036","xuanwei",,"wiligen"
"1075037","xuanwu",,"wilia"
"1075038","xuanxue",,"ecezaena"
"1075039","xuar",,"wulia"
"1075040","xuban",,"ecomanu"
"1075041","xuchang",,"ocumuae"
"1075042","xuefeng",,"acukeu"
"1075043","xuejia",,"wosian"
"1075044","xueling",,"icotoea"
"1075045","xueqing",,"wesuren"
"1075046","xuereb",,"ecajot"
"1075047","xueshan",,"acuciea"
"1075048","xueta",,"wosin"
"1075049","xuezhikang",,"wosunuet"
"1075050","xuhui",,"wolur"
"1075051","xuixo",,"womof"
"1075052","xujiahui",,"ocanuron"
"1075053","xulu",,"wasoe"
"1075054","xumi",,"acento"
"1075055","xumin",,"witip"
"1075056","xumount",,"icupuun"
"1075057","xunantunich",,"wavipiguen"
"1075058","xunhua",,"acomun"
"1075059","xunlink",,"wavire"
"1075060","xunlock",,"ucetuet"
"1075061","xuntext",,"acoqeuna"
"1075062","xunyang",,"ecikiia"
"1075063","xunyi",,"wovira"
"1075064","xunzian",,"wavoran"
"1075065","xurel",,"acetou"
"1075066","xusmbi",,"wejaot"
"1075067","xustim",,"wajei"
"1075068","xuthus",,"ecumeta"
"1075069","xutuli",,"ucowoa"
"1075070","xuwenyuanite",,"wabopigoa"
"1075071","xuxo",,"wodi"
"1075072","xuzhou",,"acumuna"
"1075073","xuzhous",,"acumaua"
"1075074","xuzhuangian",,"ecamoroso"
"1075075","xvalue",,"uqutin"
"1075076","xvax",,"aqage"
"1075077","xvcpi",,"iqafo"
"1075078","xver",,"eqaju"
"1075079","xvest",,"aqucaa"
"1075080","xvid",,"eqisu"
"1075081","xvideo",,"oqusee"
"1075082","xvier",,"eqitu"
"1075083","xviest",,"aqotat"
"1075084","xview",,"wameg"
"1075085","xvii",,"wimoe"
"1075086","xviier",,"eqinet"
"1075087","xviiest",,"aqoneu"
"1075088","xviii",,"wimor"
"1075089","xviiier",,"eqinaan"
"1075090","xviiiest",,"aqonuza"
"1075091","xviiis",,"wimoea"
"1075092","xviiith",,"wimorot"
"1075093","xviis",,"wimoqa"
"1075094","xvis",,"wimoi"
"1075095","xwait",,"wulow"
"1075096","xwalk",,"wolit"
"1075097","xwedodah",,"wasufeen"
"1075098","xwind",,"iwazii"
"1075099","xwindows",,"iwazihe"
"1075100","xword",,"iwejia"
"1075101","xwsds",,"wijoq"
"1075102","xxamdam",,"ibivii"
"1075103","xxer",,"abuji"
"1075104","xxes",,"wisa"
"1075105","xxest",,"ubicua"
"1075106","xxier",,"aboti"
"1075107","xxiest",,"ubetot"
"1075108","xxifmer",,"wimozat"
"1075109","xxii",,"wumee"
"1075110","xxiier",,"abonun"
"1075111","xxiiest",,"ubenaen"
"1075112","xxiii",,"wumer"
"1075113","xxiiier",,"abonuin"
"1075114","xxiiiest",,"ubenizi"
"1075115","xxiiis",,"wumeo"
"1075116","xxiis",,"wumeq"
"1075117","xxis",,"wumei"
"1075118","xxiv",,"ubeb"
"1075119","xxiver",,"womoun"
"1075120","xxivest",,"wemeven"
"1075121","xxivs",,"ubebi"
"1075122","xxivver",,"obubuin"
"1075123","xxivvest",,"ebibizi"
"1075124","xxix",,"ibag"
"1075125","xxixer",,"wemia"
"1075126","xxixes",,"obuge"
"1075127","xxixest",,"wamovat"
"1075128","xxixxer",,"aboguun"
"1075129","xxixxest",,"ubegizen"
"1075130","xxver",,"wowec"
"1075131","xxvest",,"wewaot"
"1075132","xxvi",,"ubun"
"1075133","xxvier",,"wowuun"
"1075134","xxviest",,"wewiven"
"1075135","xxvii",,"ubuni"
"1075136","xxviier",,"wowurin"
"1075137","xxviiest",,"wewiroi"
"1075138","xxviii",,"ubunen"
"1075139","xxviiier",,"wowureo"
"1075140","xxviiiest",,"wewiraun"
"1075141","xxviiis",,"ubunion"
"1075142","xxviis",,"ubuno"
"1075143","xxviith",,"ubuniona"
"1075144","xxvis",,"ubunia"
"1075145","xxvs",,"ubuc"
"1075146","xxxed",,"wadut"
"1075147","xxxer",,"wedac"
"1075148","xxxes",,"obute"
"1075149","xxxest",,"waduon"
"1075150","xxxi",,"ibane"
"1075151","xxxii",,"ibano"
"1075152","xxxiii",,"ibanat"
"1075153","xxxing",,"wadoun"
"1075154","xxxiv",,"wadod"
"1075155","xxxix",,"wudek"
"1075156","xxxl",,"wada"
"1075157","xxxs",,"ibaca"
"1075158","xxxv",,"wadaa"
"1075159","xxxvi",,"wadar"
"1075160","xxxvii",,"wadaat"
"1075161","xxxviii",,"wadaru"
"1075162","xxxx",,"wudea"
"1075163","xxxxl",,"ubege"
"1075164","xxxxx",,"ibago"
"1075165","xxxxxx",,"wudee"
"1075166","xxxxxxx",,"ibagoon"
"1075167","xxxxxxxx",,"wudekiot"
"1075168","xxxxy",,"wedil"
"1075169","xxxy",,"aboka"
"1075170","xxyy",,"wige"
"1075171","xyelid",,"odetea"
"1075172","xyeloidea",,"udituset"
"1075173","xygnvdsp",,"idizave"
"1075174","xyla",,"wusi"
"1075175","xylacine",,"edemasi"
"1075176","xylaloe",,"udumeo"
"1075177","xylamide",,"edemusi"
"1075178","xylan",,"odomea"
"1075179","xylanase",,"odomerot"
"1075180","xylanesterase",,"adamuzegon"
"1075181","xylanohydrolase",,"odomehoro"
"1075182","xylanolysis",,"wusipipaen"
"1075183","xylanolytic",,"udumihiru"
"1075184","xylans",,"odomui"
"1075185","xylanthrax",,"edemabu"
"1075186","xylaphon",,"edemorun"
"1075187","xylarate",,"wusicai"
"1075188","xylaria",,"edemuon"
"1075189","xylariaceae",,"adamisuza"
"1075190","xylariaceaes",,"adamisuzen"
"1075191","xylariaceous",,"edemusazot"
"1075192","xylariae",,"adamisu"
"1075193","xylarialean",,"odomasefan"
"1075194","xylarias",,"edemusan"
"1075195","xylaric",,"adamie"
"1075196","xylarinic",,"wosecaun"
"1075197","xylarioid",,"wesacua"
"1075198","xylarium",,"odomasen"
"1075199","xylary",,"odomee"
"1075200","xylate",,"idimet"
"1075201","xylazil",,"wusiman"
"1075202","xylazin",,"wisomin"
"1075203","xylazine",,"wosemaon"
"1075204","xylazole",,"wasumuo"
"1075205","xyleborus",,"wusoriun"
"1075206","xyleboruss",,"wusoriu"
"1075207","xylem",,"wasiz"
"1075208","xylematic",,"edeturat"
"1075209","xylemian",,"udutoson"
"1075210","xylemic",,"wasiza"
"1075211","xylemless",,"iditezu"
"1075212","xylemlike",,"odotazon"
"1075213","xylems",,"wasiin"
"1075214","xylene",,"udutin"
"1075215","xylenes",,"udutia"
"1075216","xylenol",,"wasipo"
"1075217","xylenolphthalein",,"wisepopaan"
"1075218","xylenols",,"wasipuet"
"1075219","xylenyl",,"wasipa"
"1075220","xyletic",,"odotoin"
"1075221","xyletinus",,"wiseween"
"1075222","xylia",,"wusan"
"1075223","xylic",,"wisus"
"1075224","xylicolous",,"adanuhon"
"1075225","xylidic",,"idiniat"
"1075226","xylidide",,"wesotue"
"1075227","xylidin",,"waseten"
"1075228","xylidine",,"wusatoun"
"1075229","xylidines",,"wusatou"
"1075230","xylidins",,"wasetion"
"1075231","xylina",,"odonine"
"1075232","xylindein",,"odonevon"
"1075233","xylinid",,"wasepen"
"1075234","xylite",,"odonua"
"1075235","xylitol",,"wisuwa"
"1075236","xylitols",,"wisuwoen"
"1075237","xylitone",,"wesowain"
"1075238","xylivore",,"wisudoa"
"1075239","xylivorous",,"waseduun"
"1075240","xylivory",,"wesodain"
"1075241","xylo",,"wasoi"
"1075242","xylobalsamum",,"wesiropei"
"1075243","xylobalsamums",,"wesiropeat"
"1075244","xyloband",,"uduporen"
"1075245","xylobiose",,"odopaset"
"1075246","xylobioside",,"wesirujeet"
"1075247","xylobiotic",,"wosurau"
"1075248","xylocain",,"udupiron"
"1075249","xylocaine",,"idiporua"
"1075250","xylocaines",,"idiporot"
"1075251","xylocarp",,"wisasuot"
"1075252","xylocarpous",,"wusesawea"
"1075253","xylocarps",,"wisasuo"
"1075254","xyloccensin",,"wusesopua"
"1075255","xylochemical",,"wosusupea"
"1075256","xylochemistry",,"adapurihe"
"1075257","xylochlore",,"edeparin"
"1075258","xylochloric",,"odoperece"
"1075259","xylochrome",,"wasosoat"
"1075260","xylochromes",,"wasosowee"
"1075261","xylocinnamon",,"udupisajo"
"1075262","xylocopa",,"adapuhin"
"1075263","xylocopae",,"udupihon"
"1075264","xylocopas",,"adapuha"
"1075265","xylocopid",,"wisasoen"
"1075266","xylocopidae",,"wisasocion"
"1075267","xylocopidaes",,"wisasocian"
"1075268","xylocopine",,"wasosuat"
"1075269","xylocoumarol",,"wesisagaan"
"1075270","xylocryptite",,"wosusunuot"
"1075271","xylodetriticolous",,"adapazobon"
"1075272","xylodextrin",,"udupuzage"
"1075273","xylodromus",,"wuseteot"
"1075274","xylofucogalactan",,"wosuloviun"
"1075275","xylofucoglucuronan",,"udupadaca"
"1075276","xylofucoglycuronan",,"odopidicu"
"1075277","xylofucomannan",,"wasolaveet"
"1075278","xylofuranose",,"edepodeten"
"1075279","xylofuranoside",,"wasolawien"
"1075280","xylogalactan",,"adaporutan"
"1075281","xylogalacturonan",,"uduperitat"
"1075282","xylogalacturonase",,"wasomepian"
"1075283","xylogen",,"idipaun"
"1075284","xylogenesis",,"odopuzifun"
"1075285","xylogenetic",,"wesimehiet"
"1075286","xylogenic",,"idipazot"
"1075287","xylogenous",,"udupeze"
"1075288","xylogens",,"idipazu"
"1075289","xyloglucan",,"wosumiu"
"1075290","xyloglucanase",,"wosumigoo"
"1075291","xyloglucoside",,"wusemagui"
"1075292","xyloglucosyl",,"wesimogeat"
"1075293","xyloglyphy",,"edepiza"
"1075294","xylogranatin",,"wisamasiu"
"1075295","xylograph",,"adapoqet"
"1075296","xylographed",,"wisamasaan"
"1075297","xylographer",,"wusemeseen"
"1075298","xylographers",,"wusemeseon"
"1075299","xylographic",,"adapoquqat"
"1075300","xylographica",,"edepiqaqet"
"1075301","xylographical",,"wusemeseat"
"1075302","xylographically",,"adapoquqen"
"1075303","xylographies",,"udupeqiqo"
"1075304","xylographing",,"wisamasaa"
"1075305","xylographist",,"wusemesean"
"1075306","xylographs",,"adapoqi"
"1075307","xylography",,"odopuqat"
"1075308","xyloheptaose",,"idipezeget"
"1075309","xylohexaose",,"wusenumoot"
"1075310","xylohexoside",,"idipezucet"
"1075311","xylohydroquinone",,"edepumibin"
"1075312","xyloid",,"adapun"
"1075313","xyloidin",,"wosureat"
"1075314","xyloidine",,"wesiraa"
"1075315","xyloidines",,"wesiraen"
"1075316","xyloidins",,"wosuree"
"1075317","xyloidone",,"wisaroen"
"1075318","xylokastra",,"wesitoo"
"1075319","xylokastro",,"wosutiu"
"1075320","xylokastron",,"adaperegan"
"1075321","xyloketal",,"wosutoat"
"1075322","xyloketose",,"udupazat"
"1075323","xylol",,"udupea"
"1075324","xylolite",,"wosuvaan"
"1075325","xylolith",,"udupesat"
"1075326","xylological",,"wesivarean"
"1075327","xylologies",,"edepiha"
"1075328","xylologist",,"wesivai"
"1075329","xylology",,"udupehan"
"1075330","xylols",,"udupo"
"1075331","xyloma",,"wuseon"
"1075332","xylomancy",,"udupori"
"1075333","xylomannan",,"idiperoa"
"1075334","xylomarimba",,"wusezawuo"
"1075335","xylomas",,"wusezan"
"1075336","xylomata",,"adapirin"
"1075337","xylomela",,"odopazoa"
"1075338","xylomelum",,"idipezot"
"1075339","xylomelums",,"idipezo"
"1075340","xylometazoline",,"wesizedue"
"1075341","xylometer",,"wesizein"
"1075342","xylometers",,"wesizea"
"1075343","xylomethazoline",,"odopazutet"
"1075344","xylometric",,"wosuzoe"
"1075345","xylometrically",,"wosuzodeon"
"1075346","xylometry",,"wusezue"
"1075347","xylomycetophagous",,"edepumofot"
"1075348","xylomycetophagy",,"odopamifen"
"1075349","xylomyid",,"adapimot"
"1075350","xylon",,"idipoe"
"1075351","xylonate",,"wosupion"
"1075352","xylonic",,"idipoun"
"1075353","xylonite",,"wesipuin"
"1075354","xylonites",,"wesipua"
"1075355","xylonitrile",,"wasopiduin"
"1075356","xylonolactonase",,"wisapopea"
"1075357","xylonolactone",,"wosupepaen"
"1075358","xylooligomer",,"wesifotue"
"1075359","xylooligosaccharide",,"wasofetiot"
"1075360","xylopal",,"wesihe"
"1075361","xylopentaose",,"adapezegi"
"1075362","xylopentose",,"udupazage"
"1075363","xylopertha",,"wosuhoe"
"1075364","xylophaga",,"wasohoan"
"1075365","xylophagaid",,"adaperusan"
"1075366","xylophagan",,"idipuren"
"1075367","xylophagans",,"idipuroson"
"1075368","xylophagas",,"wasohoun"
"1075369","xylophage",,"wisahaet"
"1075370","xylophages",,"wisahai"
"1075371","xylophagia",,"wasohoe"
"1075372","xylophagic",,"wuseheo"
"1075373","xylophagid",,"uduparu"
"1075374","xylophagidae",,"uduparisot"
"1075375","xylophagidaes",,"udupariso"
"1075376","xylophagist",,"uduparisa"
"1075377","xylophagous",,"wasohosiin"
"1075378","xylophagus",,"wisahaan"
"1075379","xylophaguss",,"wisahaseun"
"1075380","xylophagy",,"wesihio"
"1075381","xylophene",,"idipurin"
"1075382","xylophilan",,"wuseheen"
"1075383","xylophile",,"adaperet"
"1075384","xylophilic",,"edeporo"
"1075385","xylophilous",,"odopirifin"
"1075386","xylophily",,"idipuro"
"1075387","xylophobia",,"edeporot"
"1075388","xylophon",,"odopiron"
"1075389","xylophone",,"edeporu"
"1075390","xylophoned",,"wasohoat"
"1075391","xylophonelike",,"wosuhujoi"
"1075392","xylophones",,"edeporota"
"1075393","xylophonic",,"odopirun"
"1075394","xylophonically",,"odopirujet"
"1075395","xylophoning",,"wasohojao"
"1075396","xylophonist",,"wesihijeat"
"1075397","xylophonists",,"wesihijee"
"1075398","xylophory",,"odopiri"
"1075399","xylophyte",,"idipurina"
"1075400","xylophytic",,"udupare"
"1075401","xylopia",,"idipuun"
"1075402","xylopiae",,"odopiso"
"1075403","xylopias",,"idipusu"
"1075404","xylopine",,"wisaheo"
"1075405","xylopinine",,"edeposa"
"1075406","xyloplastic",,"edepozada"
"1075407","xylopodium",,"wasohuun"
"1075408","xylopolist",,"odopihun"
"1075409","xylopoly",,"wusehie"
"1075410","xylopolysaccharide",,"edepoharin"
"1075411","xyloporosis",,"wesihawoan"
"1075412","xylopyranose",,"udupamutin"
"1075413","xylopyranoside",,"wisahowein"
"1075414","xylopyranosyl",,"wasohuwia"
"1075415","xylopyrographer",,"wasohuwei"
"1075416","xylopyrographies",,"adapemacon"
"1075417","xylopyrography",,"idipumicu"
"1075418","xyloquinone",,"wesijetei"
"1075419","xylorcin",,"wisaceo"
"1075420","xylorcinol",,"udupotu"
"1075421","xyloretin",,"odopazon"
"1075422","xyloretinite",,"wasocadain"
"1075423","xylorimba",,"wasocii"
"1075424","xylorimbas",,"wasociat"
"1075425","xylorimbist",,"uduposuvot"
"1075426","xylorutinoside",,"wosucodoi"
"1075427","xyloryctid",,"odopamon"
"1075428","xylos",,"wasoq"
"1075429","xylosaccharide",,"odoperizu"
"1075430","xylosan",,"udupien"
"1075431","xylose",,"wuseet"
"1075432","xyloses",,"wuseqi"
"1075433","xylosid",,"adapuu"
"1075434","xylosidase",,"adapuso"
"1075435","xyloside",,"udupiset"
"1075436","xylosidic",,"adapusoa"
"1075437","xylosma",,"wuseqan"
"1075438","xylosmae",,"wisaqaot"
"1075439","xylosmas",,"wuseqeun"
"1075440","xylosmata",,"adapupa"
"1075441","xylospongium",,"wusequjuat"
"1075442","xylostein",,"wesiqaa"
"1075443","xylosteum",,"edepabun"
"1075444","xylosteus",,"idipobu"
"1075445","xylostroma",,"wesiqaen"
"1075446","xylostromas",,"wesiqawoon"
"1075447","xylostromata",,"odopeboce"
"1075448","xylostromatoid",,"wosuqewii"
"1075449","xylostyptic",,"idipobaqen"
"1075450","xylosyl",,"edepai"
"1075451","xylosylate",,"wasoqui"
"1075452","xylosylated",,"adapumuten"
"1075453","xylosylates",,"wasoqupiat"
"1075454","xylosylating",,"adapumute"
"1075455","xylosylation",,"edepamatet"
"1075456","xylosylfructose",,"wosuqepuan"
"1075457","xylosylfructoside",,"odopemeran"
"1075458","xylosylphosphoryldolichol",,"edepamaqun"
"1075459","xylosylprotein",,"edepamaqat"
"1075460","xylosyltransferase",,"wasoqupeun"
"1075461","xyloterus",,"wisawio"
"1075462","xylotetraose",,"edepezibot"
"1075463","xylotetrose",,"adapazobet"
"1075464","xylotheque",,"wisawaet"
"1075465","xylotherapy",,"wusewepia"
"1075466","xylotile",,"wosuwaan"
"1075467","xylotomic",,"adapahen"
"1075468","xylotomical",,"wusewifuen"
"1075469","xylotomically",,"adapahavu"
"1075470","xylotomies",,"udupuhe"
"1075471","xylotomist",,"wusewio"
"1075472","xylotomists",,"wusewifuet"
"1075473","xylotomous",,"edepehot"
"1075474","xylotomy",,"odopohen"
"1075475","xylotransferase",,"adapaqujin"
"1075476","xylotrechus",,"udupuqoze"
"1075477","xylotriose",,"wesiwien"
"1075478","xylotroph",,"wuseweot"
"1075479","xylotrophic",,"wusewejeet"
"1075480","xylotrophy",,"wesiwiet"
"1075481","xylotrya",,"wisawaot"
"1075482","xylotryas",,"wisawao"
"1075483","xylotype",,"wosuweon"
"1075484","xylotypographic",,"adapamicen"
"1075485","xylotypographies",,"udupumoce"
"1075486","xylotypography",,"odopomacen"
"1075487","xylovore",,"wasoduen"
"1075488","xyloxemine",,"wesikeo"
"1075489","xyloyl",,"edepet"
"1075490","xylulokinase",,"wusovizuon"
"1075491","xylulose",,"odowuho"
"1075492","xylyl",,"udukea"
"1075493","xylylene",,"wusevuan"
"1075494","xylylic",,"udukeen"
"1075495","xylyls",,"udukaa"
"1075496","xymenes",,"witepe"
"1075497","xynisteri",,"wevoqaa"
"1075498","xynistery",,"wivuqoo"
"1075499","xynomyzithra",,"wovuzeroo"
"1075500","xynotyro",,"wivawoa"
"1075501","xynp",,"udefa"
"1075502","xyns",,"wovio"
"1075503","xynv",,"edib"
"1075504","xyotax",,"adiqan"
"1075505","xyphoid",,"wipifot"
"1075506","xyphophori",,"wipifiun"
"1075507","xyphophorus",,"wopofosio"
"1075508","xyphophoruses",,"wepefesoe"
"1075509","xyphophorusses",,"wepefesoin"
"1075510","xyphopubic",,"adumajet"
"1075511","xyphus",,"edamet"
"1075512","xyres",,"wuhoq"
"1075513","xyrichthys",,"idunoro"
"1075514","xyrichthyss",,"idunoratet"
"1075515","xyrid",,"adenai"
"1075516","xyridaceae",,"adenaru"
"1075517","xyridaceaes",,"adenarefot"
"1075518","xyridaceous",,"edonerofe"
"1075519","xyridales",,"wihutua"
"1075520","xyridaleses",,"wohitipuun"
"1075521","xyridaless",,"wihutuen"
"1075522","xyridalesses",,"wohitipuu"
"1075523","xyris",,"waheq"
"1075524","xyrises",,"wuhaqi"
"1075525","xyriss",,"waheot"
"1075526","xyrisses",,"wuhaqoat"
"1075527","xyro",,"wohue"
"1075528","xyron",,"adepua"
"1075529","xyrophobia",,"idupuro"
"1075530","xyrophobic",,"odipiran"
"1075531","xyrospasm",,"idupojin"
"1075532","xyrs",,"wahei"
"1075533","xyrself",,"wuhavan"
"1075534","xysatnaf",,"wajuwien"
"1075535","xysma",,"udeve"
"1075536","xysmalobin",,"wojoniu"
"1075537","xysmalogenin",,"wujunajoi"
"1075538","xysmalorin",,"wojoniin"
"1075539","xyst",,"wuje"
"1075540","xysta",,"wajon"
"1075541","xystarch",,"wejinie"
"1075542","xyster",,"udeqin"
"1075543","xysters",,"udeqaa"
"1075544","xysti",,"wujer"
"1075545","xysticus",,"wijareot"
"1075546","xystodesmid",,"wojufepoe"
"1075547","xystoi",,"wejiat"
"1075548","xyston",,"udeqae"
"1075549","xystos",,"wejian"
"1075550","xysts",,"wujeq"
"1075551","xystum",,"wejiana"
"1075552","xystums",,"wejibun"
"1075553","xystus",,"wijaun"
"1075554","xystuses",,"wojubaet"
"1075555","xyvp",,"adafe"
"1075556","xyzzy",,"adulaa"
"1075557","xzavier",,"wulore"
"1075558","xzgdnrj",,"wikupon"
"1075559","xzgdnrs",,"igisoat"
"1075560","xzgdrsn",,"igiseata"
"1075561","xzgnvdrs",,"wokodau"
,,,
"Language",,,
"Meaning is Universal. Language is Merely the surface.",,,
"? hzvidib dn pidqzmnvg gvibpvbz dn hzmzgt ocz npmavxz",,,
"? Erozeun ih Utuboqu. Navobuo ih Uretuna ih Ucakeata.",,,
,,,
"Same meaning. Three layers. Zero noise.",,,
"marsji.com",,,
